truth_status	stance_sequence	sub_id
2	[(0, 0.0), (3, 0.00031012686637204613), (3, 0.000705946682662684), (1, 0.002166807447941533), (3, 0.005810798127813075), (1, 0.006728936876940843), (1, 0.00706354744328963), (3, 0.008438715258649887), (3, 0.010805472923068134), (3, 0.011923561888672616), (3, 0.013270165387393344), (3, 0.01413933673656763), (3, 0.014918734519160535), (3, 0.0167019640007998), (0, 0.01967265293131098), (3, 0.02416949249370565), (0, 0.02480198807643811), (3, 0.02576093299219378), (0, 0.028148093739925977), (3, 0.02973953423841411), (3, 0.03483622445023892), (3, 0.03524836673318072), (3, 0.035933910332529455), (3, 0.05295008181636409), (3, 0.0640534397558159), (3, 0.07082318279938464), (3, 0.07210857704816352), (3, 0.07476097787897708), (3, 0.08418720237002215), (3, 0.08628055871803347), (3, 0.0924014837122186), (3, 0.12320197828295812), (1, 0.3300974043197408), (0, 0.33059523955260117), (3, 0.33200713291792655), (0, 0.33705893634646067), (1, 0.34047441249321597), (3, 0.3431798613406458), (3, 0.7104516834584043), (3, 0.7248766633613671), (3, 0.9950542926046985), (0, 1.0)]	ax70y5
2	[(3, 0.0), (3, 0.016062678832385702), (3, 0.02472031535901561), (3, 0.029595608552025643), (3, 0.03393056698308998), (3, 0.03642347508933944), (1, 0.043189939949159414), (3, 0.044209207795556975), (3, 0.055752723164396854), (3, 0.05628077759084378), (3, 0.05646498262332527), (3, 0.05682111235278948), (1, 0.057398288121231475), (3, 0.057533371811717894), (3, 0.05879824636809078), (3, 0.06389458560007859), (3, 0.08370276675958788), (3, 0.10109172182584028), (3, 0.11604917046333706), (3, 0.11628249683781361), (3, 0.11668774790927289), (3, 0.11749825005219143), (3, 0.11936486104800383), (3, 0.12024904520391497), (3, 0.12716287408972013), (3, 0.12938561481499675), (3, 0.13111714212032272), (3, 0.14088000884184157), (3, 0.1455342559958738), (3, 0.1510726873058172), (0, 0.17386498999152658), (3, 0.17837187311957362), (3, 0.17930517861747983), (3, 0.18232614115017623), (3, 0.19718534710368288), (3, 0.20381672827301642), (3, 0.209502523608945), (3, 0.21619530645577237), (3, 0.2166496788692267), (1, 0.2274318134371431), (3, 0.23721924082965948), (3, 0.24471024548390663), (3, 0.25109601994326486), (3, 0.2561309574977588), (3, 0.26396581154597143), (3, 0.2659552258967715), (3, 0.2665692426717098), (3, 0.26837445199002835), (3, 0.2685340963515123), (3, 0.2826810428460906), (3, 0.2875440557036018), (3, 0.30021736193832815), (3, 0.3082118603480247), (3, 0.3169431788876472), (3, 0.3205781581952819), (3, 0.32115533396372387), (3, 0.32454470656138323), (3, 0.3313480124276995), (3, 0.379253601208385), (3, 0.3808623251587233), (3, 0.4078545025850106), (3, 0.56835848755388), (0, 0.7321904434429148), (3, 0.7401603811816139), (3, 0.740835799634046), (3, 0.7916149869214427), (3, 0.827731453623313), (3, 0.8419766428018813), (3, 0.8933575665287176), (3, 0.9283319620292027), (1, 0.9696675713180484), (3, 0.9994351045670568), (3, 1.0)]	b2xrgd
2	[(3, 0.0), (3, 0.0011180777831367563), (3, 0.0064103126233174025), (3, 0.009089314684088218), (3, 0.00981716139781646), (0, 0.011825316788705222), (3, 0.02256763274433288), (3, 0.027504713465164202), (3, 0.02925856096812382), (3, 0.029990792300609463), (3, 0.032915333011794626), (3, 0.03505064234664796), (3, 0.037869952207655544), (0, 0.03847064497741921), (3, 0.0385320296400228), (3, 0.03925549173499364), (0, 0.04271495593458149), (0, 0.047375805673696675), (3, 0.04762134432411102), (3, 0.04763449818038321), (3, 0.055254965580742756), (3, 0.05559258122506248), (3, 0.055833735256719426), (3, 0.06000350769500592), (3, 0.060222738632875875), (3, 0.061814355241811725), (3, 0.06364712588240452), (3, 0.07555575042750033), (3, 0.07601175077826983), (3, 0.07840136800105231), (3, 0.07941421493401149), (3, 0.08064629280484062), (3, 0.08269390976454598), (3, 0.08314114087780068), (3, 0.08369360284123295), (3, 0.08514491164993204), (3, 0.0857894506072697), (2, 0.08609637392028763), (3, 0.08616214320164861), (3, 0.08735037488490376), (3, 0.08886745297496383), (3, 0.09112991625378174), (3, 0.09115622396632612), (3, 0.09382207217082475), (3, 0.09600999693076687), (3, 0.0972727671328978), (1, 0.10340246415574166), (3, 0.10353400271846364), (3, 0.10377077213136318), (3, 0.10409523391941071), (3, 0.10661638970491516), (3, 0.1068487744990573), (3, 0.1069276976366905), (3, 0.10768185206296313), (3, 0.10945762265970974), (3, 0.12394440303415619), (3, 0.12766694435918796), (3, 0.1283553295040996), (0, 0.13937387644144342), (3, 0.14327180251677116), (0, 0.14332441794185996), (3, 0.1473100363923357), (0, 0.15262419432630334), (3, 0.15853027579251985), (3, 0.15999035383873372), (3, 0.16250712500548078), (3, 0.1683474371903363), (3, 0.16861489893453765), (3, 0.17164905511465778), (3, 0.2036523874249134), (3, 0.20396807997544614), (3, 0.21664839742184416), (3, 0.21747270574823518), (3, 0.21748147498575), (3, 0.21768755206734774), (3, 0.21852939886876835), (3, 0.22490463454202658), (3, 0.22542201955539964), (3, 0.22726794405226466), (3, 0.22996886920682247), (0, 0.23970710746700574), (3, 0.24007103082386985), (1, 0.24060595431227255), (1, 0.24113649318191782), (3, 0.24158810891392993), (3, 0.2448721883632218), (3, 0.2523611172008594), (3, 0.25400973385364145), (3, 0.25447011882316833), (3, 0.27035997719998245), (3, 0.2761213662472048), (3, 0.2761652124347788), (3, 0.2810716008243083), (1, 0.28192221686324376), (2, 0.2820756785197527), (1, 0.28320252554040426), (3, 0.2839040645415881), (3, 0.28833691410531853), (3, 0.2902749155960889), (3, 0.2917437628798176), (3, 0.29827246020958476), (3, 0.29939930723023633), (3, 0.3141184723988249), (3, 0.31482439601876616), (3, 0.3248695575919674), (3, 0.32680755908273773), (2, 0.32867540667338974), (3, 0.3307011005393081), (3, 0.3430701100539308), (1, 0.34565265050203886), (3, 0.3467926513789626), (3, 0.35208050160038584), (3, 0.3545315034857719), (3, 0.372464594203534), (3, 0.40750208269390975), (3, 0.40807208313237164), (3, 0.42177840136800104), (3, 0.4370807208313237), (3, 0.6196913228394791), (3, 0.6867452974963827), (3, 0.7599728153637041), (1, 0.7765773665979743), (3, 1.0)]	bb9iqt
2	[(3, 0.0), (3, 0.12243184512050573), (3, 0.1287040695377321), (3, 0.17903002765705256), (3, 0.19073488739628605), (3, 0.2047609640458317), (3, 0.2063413670485974), (3, 0.2640754642433821), (1, 0.2912386408534176), (3, 0.30077044646384826), (3, 0.31440142236270247), (3, 0.31627815092848677), (3, 0.32042670881074675), (3, 0.32664954563413673), (3, 0.3282299486369024), (0, 0.32976096404583166), (3, 0.33598380086922164), (0, 0.33899644409324375), (0, 0.3423548004741209), (3, 0.34571315685499804), (3, 0.36462860529435004), (3, 0.37332082180956144), (0, 0.37569142631371), (3, 0.3774693796918214), (3, 0.3791979454760964), (3, 0.3816179375740814), (3, 0.3910509679968392), (3, 0.3929770841564599), (1, 0.39574278941129987), (3, 0.40408929276965627), (3, 0.4046819438956934), (1, 0.4059166337416041), (3, 0.46498419596997237), (3, 0.596750296325563), (3, 0.6025286448044251), (2, 0.61877716317661), (3, 0.6473231924140656), (3, 0.6734492295535361), (3, 0.687376531015409), (3, 0.7376531015408929), (3, 0.7381963650730936), (3, 0.8128210193599368), (3, 0.8205254839984196), (3, 1.0)]	5emjyw
2	[(3, 0.0), (3, 0.0005824169315512034), (3, 0.0008292037669542556), (1, 0.001105605022605674), (3, 0.004945608181477167), (1, 0.0049653511283094115), (3, 0.00542931037886715), (1, 0.0062980000394858935), (1, 0.0073838621152593235), (1, 0.010019545517363922), (3, 0.010661191289411858), (3, 0.012674971866300764), (3, 0.024056780715089533), (3, 0.029555191407869538), (3, 0.03263509111369963), (3, 0.03580383408027482), (3, 0.035902548814436046), (3, 0.037748514343250876), (3, 0.042338749481747644), (3, 0.042753351365224776), (3, 0.043316025349943735), (3, 0.04397741406882391), (0, 0.045635821602732426), (3, 0.052259580264950346), (3, 0.05316775581923358), (3, 0.05636611320605714), (3, 0.06050226056741229), (3, 0.06306884365560403), (3, 0.0673925490118655), (3, 0.0758820161497305), (3, 0.08081775285779155), (3, 0.08595091903417504), (1, 0.08716511026435805), (3, 0.08806341434522517), (3, 0.10218949280369588), (3, 0.10253499437326015), (3, 0.10522003514244536), (3, 0.11290004146018835), (3, 0.11515073739906419), (1, 0.1175692483860141), (3, 0.11937572802116445), (3, 0.12716432054648477), (3, 0.12975064658150876), (3, 0.15279066553473772), (3, 0.1800063177429863), (3, 0.18819964067836764), (3, 0.2015853586306292), (1, 0.21204912045171861), (3, 0.25735918343171904), (3, 0.26020216777556215), (3, 0.26336103926872123), (3, 0.2655130204734359), (3, 0.2665396537087126), (3, 0.2783459359143946), (3, 0.28303488578705255), (2, 0.3253242779017196), (3, 0.3428066573216718), (3, 0.3441689206530967), (3, 0.347021776470356), (3, 0.3682257013681862), (1, 0.37655722493139326), (3, 0.39267734101992063), (3, 0.4230025073542477), (3, 0.48848986199680167), (1, 0.5012832915440959), (1, 0.5071074608596079), (3, 0.5160312728277823), (3, 0.5174034076326233), (3, 0.5220430001382006), (3, 0.5248464985883793), (3, 0.5316676867189196), (3, 0.5451422479319263), (3, 0.5619434956861661), (3, 0.5637203609010681), (3, 0.5644607214072772), (3, 0.5652010819134864), (3, 0.587727784249077), (1, 0.5896527215652209), (3, 0.6312313675939271), (3, 0.632435687350694), (3, 0.6391877751673215), (3, 0.6601350417563325), (3, 0.6604706718524807), (3, 0.6635505715583108), (1, 0.6810132080314307), (3, 0.6877652958480582), (3, 0.6928491046573612), (3, 0.6981402144084026), (3, 0.7023059761900061), (3, 0.780004343448303), (3, 0.7948806538863991), (3, 0.8464985883793015), (3, 0.8470119049969398), (3, 0.9951432350792679), (3, 0.9956170658032418), (3, 1.0)]	8k6lcb
2	[(3, 0.0), (3, 0.0028543829992755372), (3, 0.0030379135474523063), (3, 0.003337358126056508), (1, 0.0051533446027529585), (3, 0.009630524028012557), (3, 0.011953634387829027), (3, 0.01287611687998068), (1, 0.014170490219753683), (3, 0.015107461965708766), (3, 0.015305481767688964), (3, 0.016797874909442165), (3, 0.016928278193673027), (1, 0.017295339290026565), (1, 0.01756580536102391), (3, 0.021511712146824437), (3, 0.023192465588022217), (2, 0.024936005795701523), (3, 0.0259212750543347), (1, 0.02610480560251147), (3, 0.026636078241970538), (3, 0.026988650084520647), (3, 0.027524752475247525), (0, 0.029244143926587782), (3, 0.029500120743781694), (1, 0.032832649118570395), (3, 0.036063752716735085), (1, 0.036247283264911855), (3, 0.0362714320212509), (3, 0.03634387829026805), (1, 0.03713112774692103), (3, 0.03833856556387346), (1, 0.040932141994687275), (3, 0.04155517990823473), (3, 0.04205264428881913), (3, 0.042598406182081626), (0, 0.044510987684134265), (3, 0.049191016662641876), (3, 0.05075585607341222), (3, 0.05113257667230137), (3, 0.051948804636561215), (3, 0.052286887225307895), (1, 0.052600821057715526), (3, 0.052789181357160105), (3, 0.05317556145858488), (3, 0.05368751509297271), (1, 0.05454721081864284), (3, 0.054957739676406665), (1, 0.055807775899541175), (1, 0.05637285679787491), (3, 0.057454721081864286), (1, 0.059352813330113496), (3, 0.06069065443129679), (3, 0.060695484182564596), (3, 0.06100458826370442), (3, 0.06245351364404733), (3, 0.062588746679546), (3, 0.06805119536343879), (3, 0.07347500603718908), (3, 0.07381308862593576), (2, 0.07431538275778797), (3, 0.07602994445786042), (3, 0.08284472349673992), (3, 0.08484424052161314), (3, 0.0894083554696933), (3, 0.09113257667230137), (3, 0.09219995170248732), (3, 0.09485148514851485), (3, 0.09884568944699348), (3, 0.10563148997826612), (3, 0.11173146582950978), (3, 0.11614585848828786), (3, 0.11734846655397246), (3, 0.13453272156483942), (3, 0.1394977058681478), (3, 0.1622410045882637), (3, 0.1649166867906303), (3, 0.21275054334701762), (3, 0.21535377928036706), (3, 0.2187539241729051), (3, 0.22324559285196813), (3, 0.2233808258874668), (3, 0.23338807051436852), (3, 0.2338179183772036), (3, 0.2369669162038155), (3, 0.23873460516783385), (3, 0.23889881671093938), (3, 0.2390050712388312), (3, 0.24034291234001448), (3, 0.24297029702970296), (3, 0.24300410528857763), (1, 0.243883120019319), (3, 0.24808983337358126), (3, 0.25644530306689206), (3, 0.25678338565563874), (3, 0.2579038879497706), (3, 0.26077276020284956), (3, 0.2621202608065685), (3, 0.26301376479111327), (3, 0.26329872011591404), (1, 0.2636851002173388), (3, 0.2661241246075827), (3, 0.2671528616276262), (3, 0.28326974160830715), (3, 0.28351122917169763), (3, 0.2846510504709007), (3, 0.2849311760444337), (3, 0.2877227722772277), (3, 0.30310553006520163), (3, 0.30560734122192706), (3, 0.3058246800289785), (3, 0.30778072929244144), (3, 0.3128761168799807), (1, 0.3131755614585849), (3, 0.31389519439748853), (3, 0.3156580536102391), (3, 0.31628592127505434), (3, 0.3185462448683893), (1, 0.3190050712388312), (3, 0.32050712388312), (3, 0.32122192707075586), (3, 0.3217435402076793), (3, 0.32220719632938905), (3, 0.3240763100700314), (0, 0.32464139096836514), (3, 0.32927312243419465), (3, 0.32946631248490704), (3, 0.3333107944940836), (3, 0.33687998068099495), (3, 0.3414779038879498), (3, 0.35700072446269016), (3, 0.3819995170248732), (3, 0.43863801014247766), (3, 0.4391644530306689), (3, 0.43932866457377445), (1, 0.45140787249456654), (3, 0.4646027529582227), (3, 0.4862738468968848), (3, 0.5308572808500363), (3, 0.5431200193190051), (3, 0.8598406182081623), (3, 0.8604008693552282), (3, 0.8735619415600097), (3, 0.9083120019319005), (3, 1.0)]	5t1h6y
2	[(1, 0.0), (1, 0.013241913535015179), (3, 0.04657350221570885), (3, 0.05341254056317387), (3, 0.05574165183711923), (3, 0.05815799574304756), (2, 0.14093304023168987), (2, 0.2647946543843121), (1, 0.27239261663002895), (3, 0.27405003663770544), (3, 0.2883823580725078), (3, 0.2939041836770299), (3, 0.298954953068844), (2, 0.30185979971387694), (3, 0.30420635751421893), (3, 0.3077218325831327), (3, 0.3095101015387836), (3, 0.32666876024983427), (3, 0.32750619351687077), (3, 0.34026832757597963), (3, 0.3407393837886877), (3, 0.341219163264594), (3, 0.4784971562161974), (3, 1.0)]	8192oe
2	[(3, 0.0), (3, 0.004016775292959024), (3, 0.004603246616724391), (3, 0.01213884985227562), (3, 0.01574620176826637), (3, 0.016454393555454735), (3, 0.021953945402839407), (3, 0.023027298580296778), (3, 0.026380144072766707), (3, 0.02640227506611634), (3, 0.02767480718372044), (3, 0.02921291122152018), (1, 0.03040798486240055), (3, 0.031237897113011916), (3, 0.031702647973354287), (3, 0.03317435903110511), (3, 0.03557557180954067), (3, 0.035619833796239946), (0, 0.03733498578083677), (3, 0.03891735180533578), (3, 0.04400748027575218), (3, 0.044538624116143455), (3, 0.04558984630025119), (3, 0.047570570205043655), (3, 0.04958449059986057), (1, 0.050004979473503665), (3, 0.05001604497017849), (3, 0.051664803974726406), (3, 0.05583649622113288), (3, 0.06026269489106018), (3, 0.06663642097575549), (3, 0.07156056699604962), (3, 0.08720717929424263), (3, 0.088645693861969), (3, 0.09945668411326643), (3, 0.09954520808666498), (3, 0.103440262916201), (3, 0.10371690033307145), (3, 0.10656073297849974), (3, 0.1093824346305784), (1, 0.11067709774153213), (3, 0.1142401876708236), (3, 0.11591107766872116), (3, 0.1236347943477443), (3, 0.12534994633234112), (3, 0.12542740480906486), (3, 0.12671100242334377), (3, 0.12704296732358833), (3, 0.12809418950769605), (3, 0.1284261544079406), (0, 0.12946631109537352), (3, 0.1303626163260338), (1, 0.13162408294696307), (3, 0.13268637062774563), (3, 0.13393677175200008), (3, 0.13755518916466566), (3, 0.1387281318121964), (3, 0.13942525810270995), (3, 0.13996746743977603), (3, 0.14087483816711113), (3, 0.14173794690774696), (3, 0.14330924743557114), (3, 0.14535636432041252), (3, 0.14553341226720962), (3, 0.14876453729625655), (3, 0.14945059809009528), (3, 0.15179648338515675), (3, 0.15241615119894655), (0, 0.1532903254362572), (3, 0.15330139093293202), (3, 0.1561452235783603), (3, 0.1567427603988005), (1, 0.1589226632437397), (3, 0.17071848269909595), (3, 0.17367297031127243), (3, 0.1887663077757245), (3, 0.2080424029832579), (3, 0.23098117759015613), (3, 0.23185535182746678), (3, 0.23592745460379988), (3, 0.24129422049108673), (3, 0.2642551260913346), (3, 0.26735346516028374), (0, 0.2697768089320689), (1, 0.3003839727346162), (3, 0.3057950006086023), (3, 0.3170043487401932), (3, 0.371568312843722), (3, 0.4724635115247148), (3, 0.6931205807172655), (3, 0.746666519126711), (3, 0.7847871551714599), (3, 0.794580119728674), (3, 0.9001892199931394), (3, 0.9207489128149517), (3, 0.9728120746699715), (0, 1.0)]	a1gsmt
0	[(3, 0.0), (3, 0.001051001337440044), (3, 0.0014637780285175327), (3, 0.0015454620702874842), (3, 0.0015977398570202533), (1, 0.0018972480101767425), (0, 0.0019920014986298863), (3, 0.002091111469310761), (3, 0.0021444783766004626), (3, 0.0025507203443363552), (3, 0.002618245818866182), (3, 0.0028632979441760367), (1, 0.002893793319770152), (3, 0.0029918141698940938), (0, 0.003077854693891776), (3, 0.0031410236861938723), (3, 0.003173697302901853), (3, 0.003249935741887141), (1, 0.0034437992010211593), (3, 0.003591919596764005), (1, 0.0036006325612194666), (0, 0.0036213258518011876), (3, 0.0037019207730142065), (3, 0.0037966742614673503), (3, 0.0038892495088066288), (3, 0.004125588669661022), (3, 0.004143014598571945), (3, 0.004255194015936012), (0, 0.004314006526010377), (1, 0.004370640794970877), (3, 0.0045427218429662415), (3, 0.0046396535725332505), (3, 0.004812823741085548), (3, 0.0050818365186479225), (0, 0.005162431439860941), (3, 0.00529966063003446), (0, 0.005422731252967853), (3, 0.0056906549099732945), (3, 0.005718972044453544), (3, 0.005872538042981054), (3, 0.005919370226929159), (3, 0.005970558893104995), (3, 0.006070757984342803), (3, 0.006108877203835447), (3, 0.006112144565506245), (3, 0.006176402678365274), (3, 0.006258086720135225), (3, 0.0062907603368432055), (3, 0.006352840208588369), (3, 0.0064149200803335325), (3, 0.006471554349294032), (0, 0.006527099497697599), (3, 0.006625120347821541), (3, 0.006725319439059348), (3, 0.006767795140779723), (3, 0.006802646998601569), (3, 0.0068603703881190015), (3, 0.006943143550445886), (3, 0.007007401663304914), (3, 0.007152254697376962), (3, 0.007236116980260779), (3, 0.007266612355854895), (3, 0.007368989688206567), (3, 0.0074659214177735765), (3, 0.008465734089037783), (3, 0.00921395991165054), (3, 0.009284752747851165), (3, 0.00967139054556227), (3, 0.009867432245810152), (3, 0.010337932326405074), (3, 0.010343377929189738), (3, 0.010345556170303603), (3, 0.010353180014202133), (3, 0.010562291161133209), (3, 0.010589519175056525), (3, 0.010793184719202938), (3, 0.010882492604871419), (3, 0.011343190600453945), (0, 0.011440122330020955), (0, 0.01161655986024405), (0, 0.011986860849601164), (0, 0.012055475444687923), (1, 0.01228963636442845), (3, 0.01235389447728748), (3, 0.013129348313823553), (3, 0.013582422465507551), (3, 0.014016981567723694), (3, 0.014324113564778713), (3, 0.014467877478293827), (3, 0.014877386807700519), (3, 0.014976496778381393), (3, 0.01508867619574546), (3, 0.015501452886822949), (3, 0.015552641552998785), (3, 0.01594363583293762), (3, 0.016036211080276898), (3, 0.016174529391007348), (3, 0.016206113887158397), (3, 0.016219183333841588), (3, 0.01652740445145354), (3, 0.016936913780860232), (3, 0.017052360559895095), (3, 0.01714602492779131), (0, 0.017516325917148422), (3, 0.018745943025925426), (3, 0.01916416531978758), (3, 0.019386345913401846), (1, 0.01991565850407113), (3, 0.02016179974993792), (3, 0.021487259467725003), (3, 0.021775876415312163), (3, 0.021861916939309847), (3, 0.023721045729993943), (3, 0.024112040009932778), (3, 0.02663335409923195), (0, 0.02732167829121341), (1, 0.027602671394902044), (3, 0.02763643413216696), (3, 0.02782703022963018), (3, 0.028045943461573648), (3, 0.041542325403083516), (3, 0.04179064489006417), (3, 0.04324788819524011), (3, 0.043935123266664634), (3, 0.044555921984116266), (3, 0.045337910543993935), (3, 0.0453967230540683), (3, 0.045468605010825856), (3, 0.045777915248994744), (3, 0.04582365831238591), (3, 0.04743446761608936), (3, 0.04819576288538531), (3, 0.04857259859808402), (3, 0.048762105574990305), (3, 0.049234783896699094), (3, 0.05156985837076278), (3, 0.05289531808854986), (3, 0.05536435439111626), (3, 0.055767328997181356), (3, 0.05587406281176076), (3, 0.05607337187367944), (3, 0.056107134610944354), (3, 0.056351097615697274), (3, 0.057824677729227204), (3, 0.05799349141555177), (3, 0.06170085779135064), (3, 0.06773458567675773), (0, 0.06932796905155025), (3, 0.06944232671002819), (3, 0.07302226598066593), (3, 0.0756165511472796), (3, 0.07849400765869576), (3, 0.08047838531342712), (3, 0.08048709827788257), (3, 0.0813573056028718), (3, 0.08148146534636212), (3, 0.08170037857830559), (3, 0.08450486401240725), (3, 0.0847891244777667), (3, 0.08502873100029189), (3, 0.08532170443010678), (3, 0.08563428202994645), (3, 0.08611349507499684), (3, 0.08784519676051981), (1, 0.08838975703898616), (3, 0.08839955912399855), (1, 0.08887332656626427), (3, 0.0888874851335044), (3, 0.0890911506776508), (3, 0.08919788449223022), (3, 0.08935471785242852), (3, 0.08951917505652536), (3, 0.08971086027454551), (1, 0.08987967396087007), (3, 0.09025759879412572), (3, 0.0905233442100173), (3, 0.0906769102085448), (3, 0.09085443685932483), (3, 0.09124760938037753), (0, 0.09168761408537834), (3, 0.09168870320593527), (3, 0.0921395991165054), (3, 0.09317317452503453), (3, 0.0932156502267549), (3, 0.09326683889293073), (3, 0.09333109700578976), (3, 0.09435269208819262), (3, 0.0956879538909921), (1, 0.09915571374426578), (3, 0.23552885516003538), (3, 0.2467413512936574), (3, 0.26269261097049357), (1, 0.4910604984686965), (0, 0.4915778307332395), (3, 0.49185882383692814), (3, 0.49213110397616133), (3, 0.5290566473384072), (3, 0.5420607467881835), (3, 0.5483122987849771), (3, 0.5504251926654266), (3, 0.5521743202798605), (3, 0.8315086933602854), (3, 0.8316252292598773), (3, 0.831645922550459), (3, 0.8317232501100011), (3, 0.8324398914364629), (3, 0.8358314128507512), (3, 0.8372440022130929), (0, 0.8415743455474574), (1, 0.8474926266538295), (3, 0.8510235554994053), (0, 0.8537714066645465), (3, 0.8561206397058503), (0, 0.8575212487420658), (3, 0.8592213659314377), (1, 0.9011220119977521), (3, 0.9159885075998833), (3, 0.9176189210736114), (0, 0.9184379397324248), (1, 0.9213840108389277), (3, 0.9256261354081806), (3, 0.9263122813590482), (3, 0.9429562217100935), (0, 0.9436238526114933), (1, 0.9561966603207243), (3, 0.9837775493044876), (3, 1.0)]	a2fpjr
2	[(3, 0.0), (3, 0.02864442055217447), (1, 0.05303755141495941), (1, 0.05303755141495941), (3, 0.055523224272792736), (1, 0.05625314408025173), (3, 0.0634339767806591), (3, 0.07077262997997652), (2, 0.07719395152937927), (3, 0.08102109862794804), (1, 0.0817608822165889), (3, 0.08253025714877542), (3, 0.09650723508349691), (3, 0.09690178633077204), (3, 0.10380643315808682), (3, 0.10456594430909144), (3, 0.11248656059813969), (3, 0.12070309032264429), (2, 0.1339896035746343), (3, 0.13917795247630227), (3, 0.14312346494905356), (1, 0.1595861157416084), (3, 0.1600003945512473), (3, 0.16228879178544303), (3, 0.16347244552726842), (3, 0.16639212475710438), (1, 0.1714719720657717), (3, 0.17490456791706532), (3, 0.18161193912074255), (3, 0.1842159773527584), (3, 0.18607036821495151), (3, 0.19044002327852358), (3, 0.1920675471735335), (3, 0.1938331640050897), (0, 0.19650624870537872), (3, 0.22540712756828202), (3, 0.2290468628243951), (3, 0.23119716712204458), (3, 0.2314141703080459), (3, 0.2328148272358726), (3, 0.2349059488464308), (3, 0.23645456249198568), (3, 0.24962271036979317), (3, 0.2574446888470226), (3, 0.2830905199199061), (3, 0.2844517217230053), (3, 0.2849547745632811), (3, 0.2909815448654087), (3, 0.2932502145372407), (3, 0.29690967735571755), (3, 0.3049585228001302), (1, 0.3436146812519111), (3, 0.34672177232420276), (3, 0.36373679486294275), (3, 0.4113196752843235), (0, 0.6312129491719356), (3, 0.8891902822027796), (3, 0.8900582949467849), (1, 0.9688107239029009), (3, 1.0)]	76y6rb
0	[(3, 0.0), (3, 0.04864677707888511), (3, 0.09951526343124242), (3, 0.20638813549541232), (3, 0.24323388539442553), (3, 0.2567372612383865), (3, 0.2688845288245138), (3, 0.3358243407005598), (3, 0.396099024756189), (1, 0.40337007328755264), (3, 0.5309885163598592), (3, 0.5896185584857753), (3, 0.5914651739858041), (3, 0.5935137630561487), (3, 0.608575220728259), (3, 0.6121818916267528), (3, 0.6370246407755785), (3, 0.6458249177679035), (3, 0.6573085579087079), (3, 0.6588377863696694), (3, 0.6611749091118934), (3, 0.6649258468463269), (3, 0.6743320445495989), (3, 0.6926250793467598), (3, 0.7097351260892146), (3, 0.7124761959720699), (3, 0.7162559870736915), (3, 0.7173524150268337), (3, 0.934849096889607), (3, 0.9854579029372728), (3, 1.0)]	6szxwj
1	[(3, 0.0), (3, 0.0055937497383163485), (3, 0.006757718620989959), (3, 0.008884683341846774), (1, 0.015449802795200094), (1, 0.016814744722364112), (3, 0.018389033570872307), (1, 0.01849789396997128), (0, 0.019661862852644887), (3, 0.020340146877800017), (3, 0.020658354198243162), (3, 0.02335474254515613), (3, 0.025188621576131102), (3, 0.02596739212353143), (3, 0.027700784632261197), (3, 0.028655406593590636), (1, 0.030924727220961488), (3, 0.03199658345824366), (2, 0.032967953173280634), (3, 0.033160552340917276), (3, 0.03890503186260143), (3, 0.03970055016370929), (1, 0.0416014202095144), (3, 0.045101700734389), (0, 0.046307539001331444), (1, 0.04736264748490609), (3, 0.05009253133923412), (1, 0.051139265945955), (3, 0.059245178740401444), (3, 0.059940210519264105), (3, 0.06253611234393187), (3, 0.06953667339368107), (3, 0.07671308585735938), (3, 0.08112611895929459), (3, 0.08359641263115584), (3, 0.1022282886307874), (3, 0.10269722573459834), (3, 0.10312429345414047), (3, 0.10610539361408151), (3, 0.10700139843743457), (3, 0.10748708329495306), (3, 0.1234058231939641), (3, 0.1295438749277753), (3, 0.1362680980413502), (3, 0.13795124728895736), (2, 0.1407062527738467), (3, 0.14468384427938602), (3, 0.14594829968430484), (3, 0.1470536514290021), (3, 0.14929785042581165), (0, 0.15162578819115885), (1, 0.15279813095068623), (3, 0.15406258635560505), (0, 0.1582076553982197), (2, 0.16931978998316852), (3, 0.17511451276597526), (3, 0.17982900543464608), (3, 0.1812441906229327), (3, 0.18378984918647787), (3, 0.191870640350363), (0, 0.19532905149096877), (3, 0.19583148410219478), (3, 0.20561217226739464), (3, 0.20781450187993536), (3, 0.22579321548497308), (3, 0.22711628802786826), (3, 0.23085103710464833), (3, 0.2478835026252104), (3, 0.25269010793927266), (3, 0.25857694336747084), (1, 0.2733233405069545), (3, 0.30764786173054537), (3, 0.49116137298084894), (3, 0.5158559358226078), (3, 0.5184518376472755), (2, 0.6642159120407976), (1, 0.8496051717063449), (3, 0.9814099933846373), (3, 0.984868404525243), (3, 0.9925137540927323), (3, 1.0)]	6tm5kp
0	[(3, 0.0), (3, 0.0009031728856155538), (0, 0.0012653146706691333), (3, 0.0016187301476491326), (3, 0.0017147195364585152), (3, 0.0019503298544451813), (3, 0.0022557506370204893), (3, 0.002425913644455304), (3, 0.003163286676672833), (3, 0.0032418234493350553), (3, 0.0033159970679604873), (3, 0.0039050228629271527), (0, 0.00417990156724493), (3, 0.0047732905162483855), (3, 0.005349226849104681), (3, 0.0055150267025027054), (3, 0.007810045725854305), (3, 0.008874655310831094), (3, 0.008918286851198994), (2, 0.010807532549129114), (3, 0.011104227023630842), (3, 0.011152221718035534), (3, 0.012304094383748123), (3, 0.01290184648678837), (3, 0.01290184648678837), (3, 0.01290620964082516), (3, 0.01323780934762121), (3, 0.014363503089113059), (3, 0.01484345003315997), (3, 0.01644472756466194), (3, 0.01781475793221404), (3, 0.018050368250200705), (3, 0.019123704143251073), (2, 0.019865440329505393), (3, 0.02116129707843206), (3, 0.02165433348458934), (3, 0.02322943209187057), (3, 0.024551467765017976), (3, 0.024996509476770568), (3, 0.027858738524904884), (3, 0.02843903801179797), (3, 0.029503647596774756), (3, 0.02974362106879821), (3, 0.030524625641383644), (3, 0.03135362490837377), (3, 0.03528918984955845), (1, 0.035891305106635484), (3, 0.0375187615623582), (3, 0.03765838249153548), (3, 0.03785908757722783), (3, 0.04062969039058955), (1, 0.04071259031728856), (3, 0.04270218855806485), (3, 0.043238856504590036), (0, 0.04416820831442633), (3, 0.04522409159132954), (3, 0.04628433802226954), (3, 0.04642832210548361), (3, 0.046825369122831514), (3, 0.04685154804705225), (3, 0.04685591120108904), (3, 0.04690826904953053), (3, 0.04823903103075151), (3, 0.04830884149534015), (3, 0.04860989912387867), (1, 0.04866225697232015), (3, 0.048932772522601135), (3, 0.04921637753499249), (3, 0.049473803623163115), (3, 0.04980976648399595), (3, 0.05012827672868163), (3, 0.05025917134978533), (3, 0.050586407902544595), (3, 0.05131069147265175), (3, 0.05143285978568187), (3, 0.05144594924779224), (3, 0.05391549443261545), (3, 0.05467904638905372), (3, 0.05484920939648853), (3, 0.0549975566337394), (3, 0.055390240497050505), (0, 0.05602289783238507), (3, 0.056847533945338403), (3, 0.057222765192502356), (3, 0.05773761736884359), (1, 0.058985479423365565), (1, 0.05970976299347272), (3, 0.059919194387238646), (3, 0.06040786763935914), (3, 0.060569304338720376), (3, 0.06125431952249642), (3, 0.06156846661314531), (3, 0.06303012321547), (3, 0.06357551747006876), (3, 0.06372386470731962), (3, 0.0639114803309016), (3, 0.06397256448741666), (3, 0.06409909595448357), (3, 0.06419944849732975), (3, 0.064526685050089), (1, 0.06518552130964432), (3, 0.0652378791580858), (3, 0.06539058954937345), (3, 0.06552148417047715), (3, 0.06570037348598555), (3, 0.06628503612691543), (3, 0.06631121505113617), (3, 0.06784704527208629), (3, 0.06833571852420678), (3, 0.06851460783971518), (3, 0.06859750776641418), (3, 0.06864986561485567), (3, 0.06882875493036406), (3, 0.06933051764459493), (3, 0.06941341757129393), (3, 0.06948759118991937), (3, 0.07023369053021047), (3, 0.07051293238856504), (1, 0.07132884219344479), (3, 0.07196149952877937), (3, 0.07245453593493664), (3, 0.07338388774477295), (3, 0.07343188243917763), (3, 0.07350169290376628), (3, 0.0737067611434954), (3, 0.07406017662047541), (3, 0.07454012356452232), (3, 0.0747277391881043), (3, 0.07478446019058257), (3, 0.07550438060665293), (3, 0.07563091207371984), (3, 0.07611085901776676), (3, 0.0762243010227233), (3, 0.07639010087612133), (3, 0.07659080596181368), (3, 0.07679151104750602), (3, 0.07838406227093442), (3, 0.07868075674543613), (1, 0.07873747774791441), (3, 0.07906035114663688), (3, 0.07911707214911515), (3, 0.07912579845718873), (3, 0.07924796677021885), (3, 0.07964065063352997), (3, 0.07998970295647317), (0, 0.08210583266431638), (3, 0.08233271667422946), (3, 0.08238943767670774), (3, 0.08352385772627317), (0, 0.08546982442668156), (3, 0.08591050298439735), (1, 0.08623773953715662), (3, 0.09074051450312402), (3, 0.09261667073894377), (2, 0.09266466543334846), (3, 0.09354165939474328), (3, 0.0986509127718245), (3, 0.09874253900659709), (3, 0.09885598101155363), (3, 0.10330203497504276), (3, 0.10451062864323363), (3, 0.10648277426786275), (3, 0.10674020035603336), (3, 0.10741648923173584), (3, 0.1075691996230235), (3, 0.1080535097211072), (3, 0.10807532549129115), (3, 0.10860326712974275), (2, 0.10913993507626793), (0, 0.10921847184893016), (3, 0.10978568187371288), (3, 0.11302314216901113), (3, 0.11307550001745262), (3, 0.11314967363607804), (3, 0.11430590945582743), (3, 0.11514363503089113), (3, 0.11571084505567385), (3, 0.11747792244057384), (3, 0.11765244860204545), (3, 0.11798841146287828), (3, 0.12746081887674962), (3, 0.12798439736116443), (3, 0.12961185381688714), (2, 0.12965112220321826), (3, 0.13098624733847603), (3, 0.1333947083667842), (3, 0.13390519738908863), (3, 0.13452476526231283), (1, 0.13606059548326294), (3, 0.13810255157248072), (3, 0.1383774302767985), (3, 0.13838615658487208), (3, 0.1384690565115711), (3, 0.13865230898111627), (3, 0.1395772976369158), (1, 0.13995252888407972), (1, 0.14155380641558168), (1, 0.14243952668505008), (1, 0.14281475793221404), (3, 0.14285402631854516), (3, 0.14299364724772243), (3, 0.14391427274948515), (3, 0.1444247617717896), (3, 0.14449457223637824), (3, 0.14629219169953575), (3, 0.1463576390100876), (1, 0.1470295647317533), (3, 0.147513874829837), (3, 0.14758368529442564), (3, 0.14784111138259626), (1, 0.1503324723376034), (3, 0.15114838214248316), (3, 0.15159342385423574), (0, 0.15195992879332612), (3, 0.15341285908757724), (3, 0.1548701525358651), (3, 0.15515812070229326), (3, 0.15552026248734685), (1, 0.1568597507766414), (1, 0.15972634297881252), (3, 0.16005794268560858), (3, 0.16060770009424413), (1, 0.16075604733149498), (3, 0.16108764703829104), (3, 0.1616374044469266), (3, 0.16197773046179623), (3, 0.16216970923941498), (3, 0.1623442354008866), (3, 0.16267583510768263), (3, 0.16338702921567944), (3, 0.1640545917833083), (0, 0.16579112708995078), (3, 0.1662667108799609), (3, 0.1702415442074767), (3, 0.17147195364585152), (3, 0.1731168627177214), (3, 0.1735968096617683), (2, 0.17613616531118015), (0, 0.17652884917449124), (3, 0.17811267408984607), (1, 0.17894603651087299), (3, 0.18042514572934482), (3, 0.1833004642395895), (3, 0.18624123006038606), (3, 0.18772906558693148), (3, 0.18921253795944012), (3, 0.18958340605256727), (3, 0.19235400886592902), (3, 0.19355387622604628), (3, 0.19541694299975565), (3, 0.1975199832454885), (3, 0.19779486194980628), (3, 0.20070072253830848), (0, 0.21237652274075883), (3, 0.21440102621382945), (3, 0.2276301092533771), (3, 0.2880685189709937), (3, 0.30449143076547175), (3, 0.305796013822472), (3, 0.3338074627386645), (0, 0.4014232608468009), (3, 0.4282828370972809), (0, 0.4437153129254075), (3, 0.4652256623267828), (3, 0.4744493699605571), (3, 0.47480714859157386), (3, 0.4775210304024573), (3, 0.9763298893504136), (3, 1.0)]	6v1ivh
1	[(3, 0.0), (3, 0.0016940505848677314), (3, 0.002506806915088624), (3, 0.003557506228222236), (3, 0.0037844572798590966), (3, 0.0045306154382321355), (2, 0.004895288922913586), (3, 0.005261255575980432), (3, 0.005728735947300802), (3, 0.007066518641992152), (2, 0.007914190518618715), (2, 0.007974322848539593), (3, 0.008135322312521297), (3, 0.008727593433032305), (3, 0.010272929653579586), (3, 0.010305258863214468), (2, 0.01066411309016164), (3, 0.010763040471644374), (3, 0.011281600994187855), (3, 0.011832490726366217), (3, 0.012251477283234266), (3, 0.012309023276384353), (3, 0.013025438561893301), (3, 0.013071346039574832), (3, 0.013292477833477414), (3, 0.013324807043112294), (3, 0.01619887377965316), (3, 0.016208572542543622), (3, 0.016868088419095182), (3, 0.017342034632342528), (3, 0.01806103625462227), (3, 0.018562139003962915), (3, 0.018767752777240753), (3, 0.018935218083149435), (2, 0.020834882441295003), (3, 0.0223763391566861), (3, 0.023460660847839987), (3, 0.023942366071399705), (3, 0.024337429013137943), (3, 0.0245120067451663), (3, 0.028977317179935975), (3, 0.0354024243027721), (1, 0.03555372500386334), (3, 0.05623536699148901), (3, 0.056290973232061), (3, 0.061083455268335675), (3, 0.0838555039509527), (3, 0.1338610322458003), (3, 1.0)]	83l9nm
1	[(3, 0.0), (3, 0.0010785723624003138), (3, 0.004265263433128513), (3, 0.0059811740096744675), (3, 0.034105765459537196), (3, 0.04054451562295725), (3, 0.041214537848084716), (1, 0.04909138449470519), (3, 0.04927114655510524), (3, 0.0518204994116878), (3, 0.055856974767943525), (3, 0.05598771081187083), (3, 0.06175643875016342), (3, 0.06236109295332723), (3, 0.0628023271015819), (3, 0.06950254935285659), (3, 0.07576153745587659), (3, 0.09009347627140803), (3, 0.09027323833180807), (3, 0.09966989148908353), (3, 0.10161459014250229), (3, 0.10382076088377566), (3, 0.1043437050594849), (3, 0.10726892404235848), (3, 0.10983461890443195), (3, 0.12601320434043667), (3, 0.13426591711334815), (3, 0.13580206562949404), (3, 0.14077003529873186), (3, 0.1454275068636423), (3, 0.14967642829127992), (3, 0.15114720878546214), (3, 0.1652340175186299), (3, 0.17043077526474049), (1, 0.18659301869525427), (3, 0.1867237547391816), (3, 0.1907438880899464), (3, 0.20002614720878545), (3, 0.20621976728984182), (3, 0.20695515753693294), (1, 0.21408027193097137), (3, 0.21466858412864426), (3, 0.2293437050594849), (3, 0.2354719571185776), (3, 0.25122565041181855), (0, 0.25629167211400183), (3, 0.2644790168649497), (3, 0.2969669237808864), (3, 0.31121715256896326), (3, 0.31327624526081843), (3, 0.3322329716302785), (3, 0.3366453131128252), (3, 0.33957053209569876), (3, 0.3435579814354818), (3, 0.34502876192966403), (1, 0.3499477055824291), (3, 0.3500130736043927), (3, 0.37849718917505554), (3, 0.4443718133089293), (3, 0.45532095698784153), (3, 0.49970584390116357), (3, 0.7609164596679304), (3, 0.7624689501895673), (3, 0.7671591057654595), (3, 0.805203294548307), (3, 0.8315302653941692), (3, 0.8407144724800627), (3, 0.8501764936593019), (3, 0.9153484115570663), (3, 0.9234377042750687), (3, 0.9554026670152961), (3, 0.9860766113217414), (3, 1.0)]	b7ohqt
2	[(3, 0.0), (3, 0.006292681525185093), (3, 0.011177411476242015), (3, 0.02318810041472315), (0, 0.02763224687999847), (3, 0.028819906711235837), (3, 0.029768118995852768), (3, 0.05376076316722059), (3, 0.05769728083366058), (3, 0.06074305362667254), (3, 0.07011981955232886), (3, 0.07934333904814811), (3, 0.08233164442997117), (3, 0.08401735515817906), (3, 0.08468780828871628), (3, 0.08537741722298313), (3, 0.08604787035352036), (3, 0.08819332037123948), (3, 0.08944802551553056), (3, 0.09016636815539188), (3, 0.09310678402789085), (3, 0.10179394101928031), (3, 0.10226325821065638), (3, 0.11040447479575125), (3, 0.1108737919871273), (3, 0.11260739222465926), (3, 0.11386209736895035), (3, 0.11517426992443035), (3, 0.11735803154960875), (3, 0.12038464853889107), (3, 0.1227025007901769), (3, 0.12506824255078683), (3, 0.12600687693353893), (3, 0.13428218414474125), (3, 0.13504841629392667), (3, 0.13635101094754185), (3, 0.141274052506058), (3, 0.1441665788692329), (3, 0.16101410824944687), (3, 0.17261294740774086), (3, 0.19432605093528213), (3, 0.2344095702395433), (3, 0.2362581052994531), (3, 0.2376181673642572), (3, 0.24383422567452373), (3, 0.24642025917802446), (1, 0.3103719099294109), (3, 0.3472372542070934), (3, 0.3720535979388355), (3, 0.3914009597057669), (3, 0.3993793519591598), (3, 0.8134799390845442), (3, 0.8403459538153573), (3, 0.8578735142279732), (3, 1.0)]	8agt1s
