truth_status	stance_sequence
0	[(3, 0.0), (3, 0.30261011419249595), (3, 1.0)]
0	[(3, 0.0), (3, 0.1815068493150685), (3, 1.0)]
0	[(3, 0.0), (3, 0.02922410397794407), (3, 0.8721543914927137), (3, 0.987160299330445), (3, 0.990232374950768), (3, 1.0)]
0	[(3, 0.0), (3, 0.015487867836861126), (3, 1.0)]
0	[(3, 0.0), (3, 0.99456906729634), (3, 1.0)]
0	[(3, 0.0), (3, 0.6051284999712528), (3, 0.8258494796757316), (3, 1.0)]
0	[(3, 0.0), (3, 0.3436734693877551), (3, 0.4690285714285714), (3, 0.5066122448979592), (3, 0.5524897959183673), (3, 1.0)]
0	[(3, 0.0), (3, 0.09690190121069833), (3, 0.13224692721999723), (3, 0.14284399024075864), (0, 0.9343921189522626), (3, 1.0)]
0	[(3, 0.0), (3, 0.236087122316682), (3, 0.3222000403759449), (3, 0.34801821403737015), (3, 0.40277248155043627), (3, 0.6837666270384244), (3, 0.7129270316951167), (3, 1.0)]
0	[(0, 0.0), (3, 0.0699938195302843), (0, 0.10321384425216316), (3, 1.0)]
0	[(0, 0.0), (3, 0.006209990698692346), (3, 0.007276905400229797), (3, 0.9956229140449746), (1, 1.0)]
0	[(0, 0.0), (3, 0.25974770642201833), (0, 0.3830275229357798), (3, 0.8600917431192661), (3, 1.0)]
0	[(0, 0.0), (3, 0.030921501706484642), (0, 0.04559726962457338), (3, 0.9252559726962457), (1, 1.0)]
0	[(0, 0.0), (3, 0.025106689574904396), (0, 0.037022668070719945), (3, 0.7512608767943246), (3, 1.0)]
0	[(0, 0.0), (3, 0.03200056513139305), (0, 0.0471884713195818), (3, 0.9575445040972026), (3, 1.0)]
0	[(0, 0.0), (3, 0.009362405704247184), (0, 0.013805931590368916), (3, 0.05514105611243154), (3, 0.07839206365609176), (3, 0.10404050842203162), (3, 0.7547793737728635), (0, 1.0)]
0	[(3, 0.0), (3, 1.0)]
0	[(3, 0.0), (3, 1.0)]
0	[(3, 0.0), (3, 1.0)]
0	[(3, 0.0), (3, 0.018820861678004536), (3, 1.0)]
0	[(3, 0.0), (3, 0.02718637405830331), (3, 1.0)]
0	[(3, 0.0), (3, 0.07011845624761177), (3, 0.46369889186090946), (3, 0.48987390141383264), (3, 1.0)]
0	[(3, 0.0), (3, 0.025720092508234635), (3, 0.17008900413483777), (3, 0.17969023757796623), (3, 1.0)]
0	[(3, 0.0), (3, 0.02234262754170218), (3, 0.14775356142700596), (3, 0.15609399732131987), (3, 1.0)]
0	[(3, 0.0), (3, 0.0322071083808688), (3, 0.9673541026766126), (3, 0.9737604212373848), (3, 1.0)]
0	[(3, 0.0)]
0	[(3, 0.0), (3, 0.42607578676942837), (3, 1.0)]
0	[(3, 0.0), (3, 0.12484609702043832), (3, 0.6080398916523024), (3, 0.7295616843142083), (3, 1.0)]
0	[(2, 0.0), (3, 1.0)]
0	[(2, 0.0), (3, 0.005016617545619865), (3, 1.0)]
0	[(2, 0.0), (3, 0.9150303880317906), (0, 1.0)]
0	[(2, 0.0), (3, 0.5748586533519348), (2, 1.0)]
0	[(2, 0.0), (3, 0.535499316005472), (3, 1.0)]
0	[(2, 0.0), (3, 0.009659113776311023), (3, 0.01861391717309937), (3, 1.0)]
0	[(2, 0.0), (3, 0.41967300991691237), (3, 0.8326722058429376), (3, 1.0)]
0	[(2, 0.0), (3, 0.021531422419593594), (3, 0.04149284528775849), (3, 0.7353429327591621), (3, 1.0)]
0	[(2, 0.0), (3, 0.012141447867658217), (3, 0.04198917387565134), (3, 0.06002428289573532), (3, 0.7655182880558506), (1, 0.8633328274396722), (3, 1.0)]
0	[(3, 0.0)]
0	[(3, 0.0), (3, 1.0)]
0	[(3, 0.0), (3, 0.21926970354302242), (3, 1.0)]
0	[(3, 0.0)]
0	[(3, 0.0)]
0	[(2, 0.0), (3, 0.18718794444276335), (1, 0.19971555663146429), (3, 0.8603201500892668), (3, 0.864344721154719), (3, 0.876811813477774), (3, 0.9104911187097164), (3, 0.9953702302780888), (3, 1.0)]
0	[(3, 0.0), (3, 1.0)]
0	[(3, 0.0), (0, 0.9715532811559302), (3, 1.0)]
0	[(3, 0.0), (3, 0.1951219512195122), (3, 1.0)]
0	[(3, 0.0), (3, 0.707037643207856), (3, 1.0)]
0	[(3, 0.0), (3, 0.3335946073052203), (3, 1.0)]
0	[(3, 0.0), (3, 0.2190871925474164), (3, 0.3191475102204946), (3, 1.0)]
0	[(3, 0.0), (3, 0.15927694406548432), (3, 0.23202104852855193), (3, 0.44552718768271293), (3, 0.9745663613330735), (3, 1.0)]
0	[(3, 0.0), (3, 0.03176068243203855), (3, 0.04626624953850339), (3, 0.048588306161708415), (3, 0.3650000971571809), (3, 0.36767191963157997), (3, 0.9931601344655383), (3, 1.0)]
0	[(3, 0.0), (2, 1.0)]
0	[(3, 0.0), (1, 0.12990257307019734), (3, 0.26555083687234576), (3, 0.3402448163877092), (3, 0.97439420434674), (3, 1.0)]
0	[(3, 0.0), (1, 0.10112796577207313), (3, 0.20672889926098795), (3, 0.26487747957992996), (3, 0.7585569817191754), (3, 0.8133022170361727), (3, 0.8311940879035394), (3, 0.8482108129132633), (3, 0.9049980552314275), (3, 0.9393232205367561), (3, 0.9517697394010113), (3, 0.9624659665499805), (3, 0.9679113185530922), (3, 0.983955659276546), (3, 1.0)]
0	[(1, 0.0), (3, 1.0)]
0	[(1, 0.0), (3, 1.0)]
0	[(1, 0.0), (2, 1.0)]
0	[(1, 0.0), (3, 1.0)]
0	[(1, 0.0), (3, 1.0)]
0	[(1, 0.0), (1, 0.3770768431983385), (1, 1.0)]
0	[(1, 0.0), (3, 0.26924535456958665), (3, 1.0)]
0	[(1, 0.0), (0, 0.032502975335494726), (1, 0.17187179381950998), (1, 1.0)]
0	[(1, 0.0), (0, 0.03983502665727794), (3, 0.886932904134393), (3, 1.0)]
0	[(1, 0.0), (3, 0.4430453879941435), (3, 0.9434846266471449), (3, 1.0)]
0	[(1, 0.0), (1, 0.039638680802870904), (3, 0.9753253191789358), (3, 1.0)]
0	[(1, 0.0), (3, 0.15985003408316292), (3, 0.2281299704612588), (3, 0.25710065894114975), (3, 1.0)]
0	[(1, 0.0), (3, 0.21451440768409819), (3, 0.6711388931239518), (3, 0.8569903948772679), (3, 1.0)]
0	[(1, 0.0), (0, 0.13928948294055576), (1, 0.736545902215969), (3, 0.8003869152303904), (3, 0.9599015124868097), (3, 1.0)]
0	[(1, 0.0), (0, 0.03152364273204904), (1, 0.1666932017194714), (3, 0.18114153797166058), (3, 0.21724247731252985), (3, 0.47349148224804966), (1, 1.0)]
0	[(1, 0.0), (3, 0.2079515223174697), (3, 0.29677800768548623), (3, 0.3344664498965415), (3, 0.36358261897723915), (3, 0.7858409695536506), (3, 0.8464380727165238), (3, 0.867129766479456), (3, 1.0)]
0	[(1, 0.0), (3, 0.1734253666954271), (3, 0.24750400591643043), (3, 0.27893504252434365), (3, 0.30321705904104523), (3, 0.6553679280167632), (3, 0.7059041045236041), (3, 0.7231603599161839), (3, 0.812892887957599), (3, 1.0)]
0	[(3, 0.0)]
0	[(3, 0.0), (3, 0.8070754716981132), (3, 1.0)]
0	[(3, 0.0), (3, 0.3555201551461421), (3, 1.0)]
0	[(3, 0.0), (3, 0.38300253693478586), (3, 0.5314878376361737), (3, 1.0)]
0	[(3, 0.0), (3, 0.47217367307515407), (3, 0.6552295097047189), (3, 1.0)]
0	[(3, 0.0), (3, 0.027145568803788954), (1, 0.03547536995742956), (3, 0.21959714722739251), (3, 0.26065643255993953), (3, 1.0)]
0	[(3, 0.0), (3, 0.11217729038153987), (1, 0.146599649683954), (3, 0.9074708704592186), (3, 0.9285659888812733), (3, 0.9819511080648846), (3, 1.0)]
0	[(3, 0.0), (3, 0.05590769347553801), (1, 0.07306334687061146), (3, 0.21991118533419365), (0, 0.2678862868637796), (3, 0.4936045849622348), (0, 0.503738566060652), (3, 0.5372907731430523), (3, 0.6930959881580445), (0, 0.995862906592781), (3, 1.0)]
0	[(3, 0.0), (3, 1.0)]
0	[(3, 0.0), (3, 0.03480303192057222), (3, 1.0)]
0	[(3, 0.0), (1, 0.7007587253414264), (3, 0.847040971168437), (3, 1.0)]
0	[(3, 0.0), (1, 0.02493870629786039), (3, 0.04551394904252217), (1, 0.06184453540993876), (3, 0.09308002203333081), (3, 0.11195956235756639), (3, 0.1333988572909804), (3, 0.16518517718470196), (1, 0.185177184701956), (3, 0.6053441627874324), (0, 0.8420620605484571), (3, 1.0)]
0	[(3, 0.0), (1, 0.099333189933319), (3, 0.1812862981286298), (1, 0.24633254463325446), (3, 0.3707463970746397), (3, 0.4459453645945365), (3, 0.5116799311679932), (3, 0.6739944073994407), (1, 0.7759518175951817), (3, 0.8537319853731985), (0, 0.894342869434287), (3, 0.9086685308668531), (3, 0.9843407184340719), (3, 1.0)]
0	[(3, 0.0), (1, 0.07965639769551867), (3, 0.1453755131610722), (1, 0.19753682685341706), (3, 0.297305688757029), (3, 0.35760858315796734), (3, 0.41032186842377616), (3, 0.5404836650912478), (1, 0.6222444544105978), (3, 0.6846172422120261), (3, 0.8844654500293235), (0, 0.9114430606823749), (3, 0.9882361058405492), (3, 1.0)]
0	[(3, 0.0), (1, 0.10036075976876603), (3, 0.1831616464554266), (1, 0.24888077541617767), (3, 0.3745816490633285), (3, 0.4505585256661016), (3, 0.5368366149432782), (3, 0.6647542052418829), (1, 0.7452079801799453), (3, 0.7692006780545052), (1, 0.8124918503064285), (3, 0.8593036901812492), (1, 0.9524057895423133), (3, 1.0)]
0	[(3, 0.0), (1, 0.09965902714834476), (3, 0.18188096162976392), (1, 0.24714057576934698), (3, 0.3719625361474384), (3, 0.44740817471621563), (3, 0.5330829988346497), (3, 0.6601061763563382), (1, 0.7399974103327722), (3, 0.7638223488281756), (3, 0.8227372782597436), (3, 0.8936509991799387), (3, 0.9963744658811343), (3, 1.0)]
0	[(3, 0.0), (1, 0.07224655819774718), (3, 0.1318523153942428), (1, 0.17916145181476847), (3, 0.26964956195244055), (3, 0.32434292866082604), (3, 0.3864518147684606), (3, 0.47853566958698374), (1, 0.5364518147684606), (3, 0.5537234042553192), (3, 0.7815707133917397), (3, 0.7903942428035043), (1, 0.8439924906132665), (3, 0.8545994993742178), (3, 0.9771902377972466), (3, 0.9791614518147684), (3, 1.0)]
0	[(3, 0.0), (3, 1.0)]
0	[(3, 0.0), (3, 1.0)]
0	[(3, 0.0), (3, 1.0)]
0	[(3, 0.0), (3, 1.0)]
0	[(3, 0.0), (3, 1.0)]
0	[(1, 0.0), (3, 1.0)]
0	[(1, 0.0), (3, 0.8468080255357957), (3, 1.0)]
0	[(1, 0.0), (3, 0.41382941382941385), (3, 1.0)]
0	[(1, 0.0), (3, 0.15266088307652467), (2, 1.0)]
0	[(3, 0.0)]
0	[(3, 0.0)]
0	[(3, 0.0)]
0	[(3, 0.0)]
0	[(3, 0.0)]
2	[(3, 0.0)]
2	[(3, 0.0), (3, 0.0918293564714389), (3, 0.8286334056399133), (3, 1.0)]
2	[(3, 0.0), (3, 0.026644462947543714), (3, 1.0)]
2	[(3, 0.0), (3, 0.0141718334809566), (3, 0.983170947741364), (3, 1.0)]
2	[(3, 0.0), (3, 0.00839674626082393), (3, 0.6559958016268695), (0, 0.7131986355287326), (3, 1.0)]
2	[(3, 0.0), (3, 0.007928642220019821), (3, 0.6194251734390486), (0, 0.6734390485629336), (3, 0.8664519326065411), (3, 0.8751238850346879), (3, 1.0)]
2	[(1, 0.0), (3, 0.09120982986767485), (0, 0.3686200378071834), (3, 0.4281663516068053), (3, 0.9551039697542533), (1, 1.0)]
2	[(3, 0.0), (3, 1.0)]
2	[(0, 0.0), (3, 0.10845295055821372), (3, 0.7192982456140351), (3, 1.0)]
2	[(0, 0.0), (3, 0.013322971022538026), (3, 0.06517153325191517), (3, 0.509936715887643), (3, 0.700677251026979), (3, 0.8137004552015099), (3, 0.9826801376707006), (3, 1.0)]
2	[(1, 0.0), (3, 1.0)]
2	[(1, 0.0), (3, 0.32122370936902483), (2, 0.35830077313159864), (3, 0.4063513176490149), (3, 1.0)]
2	[(3, 0.0), (3, 1.0)]
2	[(3, 0.0), (3, 0.8711880711880712), (3, 0.934054834054834), (3, 1.0)]
2	[(3, 0.0)]
2	[(3, 0.0)]
2	[(3, 0.0), (0, 0.13614107799516467), (3, 1.0)]
2	[(3, 0.0), (3, 0.4215686274509804), (3, 0.928860294117647), (3, 1.0)]
2	[(3, 0.0), (0, 0.048118627028579636), (1, 0.38003015941404567), (3, 0.5007109004739336), (3, 1.0)]
2	[(3, 0.0), (3, 0.07339215342151029), (3, 0.10713658917944381), (0, 0.1223574836064266), (3, 1.0)]
2	[(3, 0.0), (3, 0.1440324910503067), (3, 0.31735298427784875), (3, 0.3736680134821111), (3, 1.0)]
2	[(3, 0.0), (3, 0.07553118124199534), (3, 0.287231946405701), (3, 0.8706774818560967), (3, 0.9110209845325277), (3, 1.0)]
2	[(3, 0.0), (3, 0.08711791220029544), (3, 0.12717321313586608), (0, 0.14524071057914473), (0, 0.9961175713041173), (1, 1.0)]
2	[(3, 0.0), (3, 0.20631503408683172), (3, 0.7845801937567277), (3, 0.8160656620021528), (3, 0.8392088266953713), (3, 0.9685145317545748), (3, 1.0)]
2	[(3, 0.0)]
2	[(0, 0.0), (3, 1.0)]
2	[(0, 0.0), (3, 1.0)]
2	[(0, 0.0), (3, 0.0761645119379779), (3, 0.10244723222082597), (3, 0.11281974824817363), (3, 1.0)]
2	[(0, 0.0), (3, 0.0765509269169842), (3, 0.21486064134948837), (3, 0.23521856402791455), (3, 1.0)]
2	[(0, 0.0), (3, 0.27349248112259084), (3, 0.2825728892596633), (0, 0.31112964983208197), (3, 1.0)]
2	[(0, 0.0), (3, 0.03956977824990041), (3, 0.05322445005090072), (3, 0.6978267605010402), (3, 0.7027176559111229), (3, 1.0)]
2	[(0, 0.0), (3, 0.023231489842719697), (3, 0.06520538689915481), (3, 0.07138355995296533), (3, 0.0740666151277537), (3, 1.0)]
2	[(0, 0.0), (3, 0.41641832364388426), (3, 0.43024410897780385), (0, 0.4737244939502011), (0, 0.4883970882798378), (0, 0.522937124432068), (3, 1.0)]
2	[(0, 0.0), (3, 0.16059639825751112), (3, 0.45075672519872456), (3, 0.4934656666816365), (3, 0.5120132932141734), (3, 0.9393272555800063), (3, 0.9818116495262047), (3, 1.0)]
2	[(0, 0.0), (3, 0.41510689761529845), (3, 0.42888914141004203), (0, 0.4722325936267268), (0, 0.4868589795620201), (0, 0.5212902387948247), (3, 0.5485625233356601), (3, 0.579503579487346), (1, 1.0)]
2	[(0, 0.0), (3, 0.7015171051548654), (3, 0.7248086472250418), (0, 0.7980576664563387), (0, 0.8227757811857014), (0, 0.8809634852267427), (3, 0.9270527557543002), (3, 0.9793421305313983), (3, 0.9810156099969822), (3, 1.0)]
2	[(0, 0.0), (3, 0.37089521930842423), (3, 0.38320956138315154), (0, 0.4219366442330007), (0, 0.4350052216291483), (0, 0.4657693200278487), (3, 0.4901369227198886), (3, 0.5177825481550243), (3, 0.8011574611278719), (2, 0.8940009282896264), (3, 1.0)]
2	[(3, 0.0)]
2	[(3, 0.0)]
2	[(0, 0.0), (3, 1.0)]
2	[(0, 0.0), (3, 1.0)]
2	[(0, 0.0), (3, 0.35361957875358707), (1, 0.6918620390925334), (3, 1.0)]
2	[(0, 0.0), (3, 0.1284214252005663), (1, 0.2512584552461853), (3, 1.0)]
2	[(0, 0.0), (3, 0.11718371521360774), (1, 0.22927170617049145), (3, 1.0)]
2	[(0, 0.0), (3, 0.11362410619530611), (1, 0.2223072774404565), (3, 0.23629499469371423), (3, 1.0)]
2	[(3, 0.0)]
2	[(3, 0.0), (3, 1.0)]
2	[(3, 0.0), (3, 0.1953361195091588), (3, 1.0)]
2	[(3, 0.0), (3, 0.8775637818909455), (3, 1.0)]
2	[(3, 0.0), (3, 0.16873872790669714), (3, 1.0)]
2	[(3, 0.0), (3, 0.07900158746242443), (3, 0.7118699406671846), (3, 1.0)]
2	[(3, 0.0), (3, 0.21447924040127903), (3, 0.31431082037638214), (3, 0.5324025482682028), (3, 0.5548829602870463), (3, 0.8702921721301472), (3, 0.9455197832507506), (3, 1.0)]
2	[(3, 0.0), (3, 0.04045468357227701), (3, 0.059284734307523734), (3, 0.263174129628095), (3, 0.3778670939108496), (3, 0.7479673673839581), (1, 0.7654024290305056), (3, 1.0)]
2	[(3, 0.0)]
2	[(3, 0.0), (3, 1.0)]
2	[(3, 0.0), (3, 0.7350613602477348), (3, 1.0)]
2	[(3, 0.0), (3, 0.5921710665898827), (3, 0.8421937986845695), (2, 0.8486497135756069), (3, 0.8556511987391264), (3, 0.898402691480011), (1, 0.9073288273270088), (3, 0.9112690570727124), (3, 0.9295456612008608), (3, 0.9380171551541236), (3, 1.0)]
2	[(2, 0.0), (3, 1.0)]
2	[(3, 0.0), (3, 0.940195173414216), (3, 1.0)]
2	[(3, 0.0), (3, 0.4339846603360117), (3, 1.0)]
2	[(3, 0.0), (3, 0.05666034244489729), (3, 0.6913311315672358), (1, 1.0)]
2	[(3, 0.0), (3, 1.0)]
2	[(3, 0.0), (3, 1.0)]
2	[(3, 0.0), (1, 1.0)]
2	[(3, 0.0), (3, 0.6613059144037262), (3, 1.0)]
2	[(3, 0.0), (3, 0.5432264199878966), (3, 1.0)]
2	[(3, 0.0), (3, 0.0684626162272322), (3, 0.138408210055134), (3, 1.0)]
2	[(3, 0.0), (3, 0.07473952901681516), (3, 0.15109800065552279), (3, 0.33364123039639265), (3, 0.4590943853480727), (3, 1.0)]
2	[(3, 0.0), (3, 0.1522354845235687), (3, 0.30776856160226584), (3, 0.6795872951648796), (3, 0.9351203722435768), (3, 0.977604693505968), (3, 1.0)]
2	[(3, 0.0), (0, 0.8194774346793349), (3, 0.9115439429928741), (3, 0.9423277909738718), (3, 1.0)]
2	[(3, 0.0), (3, 0.002033677702757667), (1, 0.06194582282599854), (1, 0.1262303750101684), (3, 0.16505328235581226), (3, 1.0)]
2	[(3, 0.0), (0, 0.47187876135244555), (3, 0.5248933143669986), (3, 0.559962796804902), (3, 0.5656526972316446), (3, 0.6587153955575008), (3, 0.6751285698654119), (3, 1.0)]
2	[(3, 0.0), (0, 0.12471081550028919), (3, 0.1387218045112782), (3, 0.14799016772700982), (3, 0.14949392712550608), (3, 0.17314921920185078), (3, 0.1788316946211683), (3, 0.9893146327356853), (3, 1.0)]
2	[(1, 0.0), (1, 0.17604903347477605), (1, 1.0)]
2	[(1, 0.0), (3, 0.006835515552254312), (3, 0.8591145871261221), (3, 1.0)]
2	[(3, 0.0), (3, 1.0)]
2	[(3, 0.0), (1, 0.4158144631117604), (3, 0.5441928414901388), (3, 1.0)]
2	[(3, 0.0), (1, 0.055642441718391084), (3, 0.10603098577782122), (3, 1.0)]
2	[(3, 0.0), (1, 0.18051371491993023), (3, 0.9636118598382749), (3, 1.0)]
2	[(3, 0.0), (3, 0.12880081995216947), (3, 0.8155107618722242), (0, 1.0)]
2	[(3, 0.0), (3, 0.004292138669095463), (3, 0.23817384869357316), (3, 0.6353845278078215), (3, 1.0)]
2	[(3, 0.0), (3, 0.0074993535040082755), (3, 0.026377036462373934), (2, 0.04048059517415607), (3, 0.04893477352748105), (3, 1.0)]
2	[(3, 0.0), (3, 0.005325686194182712), (3, 0.018731723855401262), (2, 0.02874740425772366), (1, 0.06183164050911865), (1, 0.8718162426365679), (3, 1.0)]
2	[(3, 0.0), (3, 0.3924850673704681), (3, 0.5152104458952632), (3, 0.5269481872482289), (3, 1.0)]
2	[(3, 0.0), (1, 1.0)]
2	[(3, 0.0), (1, 1.0)]
2	[(3, 0.0), (3, 0.834436593529193), (3, 1.0)]
2	[(1, 0.0), (1, 1.0)]
2	[(1, 0.0), (3, 1.0)]
2	[(1, 0.0), (3, 0.8934455802766086), (1, 0.9589897775105232), (3, 1.0)]
2	[(1, 0.0), (3, 0.07713752822224404), (3, 0.08554039462059487), (3, 0.8929616177481103), (3, 1.0)]
2	[(1, 0.0), (3, 0.12553863832232118), (1, 0.13474829748044004), (3, 0.9364111056660527), (3, 1.0)]
2	[(1, 0.0), (3, 0.04371238165170277), (1, 0.045692733887386934), (1, 0.5219563209950714), (3, 0.7191014986148659), (1, 1.0)]
2	[(1, 0.0), (3, 0.062436435291126365), (3, 0.06923785914060514), (3, 0.2683225273328248), (3, 0.8084795321637427), (3, 0.9557748538011696), (3, 1.0)]
2	[(1, 0.0), (3, 0.0618555078008155), (3, 0.06859364914435051), (3, 0.2658259733308144), (3, 0.8009571939104835), (3, 0.9819738975739543), (3, 0.992395976007179), (3, 1.0)]
2	[(3, 0.0), (3, 0.013953718110197327), (3, 0.3050307475735349), (3, 0.594724753648959), (3, 1.0)]
2	[(3, 0.0), (3, 0.012416217998022195), (3, 0.27142072299747283), (3, 0.5291945940006593), (3, 1.0)]
2	[(3, 0.0), (3, 0.007605228089539783), (3, 0.1662516320954086), (3, 0.2624140205408461), (3, 1.0)]
2	[(3, 0.0)]
2	[(1, 0.0), (3, 1.0)]
2	[(1, 0.0), (3, 0.2943011555868008), (3, 1.0)]
2	[(1, 0.0), (3, 0.3354282995718256), (3, 1.0)]
2	[(1, 0.0), (3, 0.45027362660492526), (3, 1.0)]
2	[(1, 0.0), (3, 0.5111097837773265), (3, 0.9325648070720344), (3, 1.0)]
2	[(1, 0.0), (3, 0.24688876493104311), (3, 0.429821693050453), (3, 0.4825636192271442), (3, 0.7919463732712689), (3, 0.7929946719498355), (3, 1.0)]
2	[(3, 0.0)]
2	[(2, 0.0), (3, 0.8439103429651634), (3, 1.0)]
2	[(3, 0.0)]
2	[(3, 0.0)]
2	[(3, 0.0), (3, 0.06748816883542309), (3, 1.0)]
2	[(3, 0.0), (3, 0.2440141180959649), (3, 0.8838118859105218), (3, 0.893875798912525), (3, 0.9112849375178861), (1, 0.9443384527329963), (3, 0.959171992750167), (0, 1.0)]
2	[(3, 0.0), (3, 1.0)]
2	[(3, 0.0), (3, 1.0)]
2	[(3, 0.0)]
2	[(3, 0.0)]
2	[(3, 0.0)]
2	[(3, 0.0)]
2	[(3, 0.0)]
2	[(3, 0.0)]
1	[(3, 0.0), (0, 0.2351998397275368), (3, 1.0)]
1	[(3, 0.0), (0, 0.9666529435981885), (3, 1.0)]
1	[(3, 0.0), (0, 0.09461256396824758), (3, 0.09940766410122094), (3, 1.0)]
1	[(3, 0.0), (3, 0.057131113851212494), (3, 1.0)]
1	[(3, 0.0), (3, 0.020441176470588237), (3, 1.0)]
1	[(3, 0.0), (3, 0.008099761086183788), (3, 0.022900763358778626), (3, 1.0)]
1	[(3, 0.0), (3, 0.1448559670781893), (3, 0.856241426611797), (3, 0.8672702331961591), (3, 0.9113854595336077), (3, 0.9196707818930041), (0, 1.0)]
1	[(1, 0.0), (3, 1.0)]
1	[(1, 0.0), (1, 0.015644495632978213), (3, 1.0)]
1	[(1, 0.0), (1, 0.02671559633027523), (3, 0.06928440366972477), (3, 1.0)]
1	[(1, 0.0), (1, 0.0031442466333238316), (3, 0.13575543980581686), (3, 0.3014157747890159), (3, 1.0)]
1	[(1, 0.0), (1, 0.03476599808978032), (3, 0.09016236867239732), (3, 0.2765998089780325), (3, 1.0)]
1	[(1, 0.0), (1, 0.19696969696969696), (3, 0.5108225108225108), (3, 0.6293290043290043), (1, 1.0)]
1	[(1, 0.0), (1, 0.17210401891252955), (3, 0.44633569739952716), (3, 0.7456264775413711), (3, 0.9342789598108747), (3, 1.0)]
1	[(2, 0.0), (3, 1.0)]
1	[(2, 0.0), (3, 1.0)]
1	[(2, 0.0), (3, 1.0)]
1	[(2, 0.0), (3, 0.9946529598454533), (3, 1.0)]
1	[(2, 0.0), (3, 0.27529510961214165), (3, 0.3030670320404722), (3, 1.0)]
1	[(2, 0.0), (3, 0.034389096376776444), (1, 0.050007275549303974), (3, 1.0)]
1	[(2, 0.0), (3, 0.03645431641729652), (1, 0.05301043755463006), (0, 0.7285721630932182), (0, 0.9969150084837267), (3, 1.0)]
1	[(2, 0.0), (3, 0.5981222807419281), (3, 0.6584611861689947), (3, 1.0)]
1	[(0, 0.0), (1, 1.0)]
1	[(0, 0.0), (3, 1.0)]
1	[(0, 0.0), (3, 0.29255663430420714), (3, 1.0)]
1	[(0, 0.0), (3, 0.01833969001054938), (3, 1.0)]
1	[(0, 0.0), (1, 0.2080028839221341), (3, 0.5868781542898341), (3, 1.0)]
1	[(0, 0.0), (1, 0.023969757394483218), (3, 0.0676304420073114), (3, 1.0)]
1	[(0, 0.0), (1, 0.08640311470500149), (3, 0.24378556454028152), (3, 1.0)]
1	[(3, 0.0)]
1	[(3, 0.0)]
1	[(2, 0.0), (3, 1.0)]
1	[(1, 0.0), (3, 1.0)]
1	[(1, 0.0), (3, 0.39706040124450165), (3, 1.0)]
1	[(1, 0.0), (3, 0.9780571699679753), (3, 1.0)]
1	[(2, 0.0), (3, 0.10026079397276152), (3, 0.18183135323094754), (3, 0.9771080846131556), (3, 1.0)]
1	[(1, 0.0)]
1	[(2, 0.0), (1, 1.0)]
1	[(2, 0.0), (3, 1.0)]
0	[(3, 0.0), (3, 1.0)]
0	[(3, 0.0), (3, 0.9179981634527089), (3, 1.0)]
0	[(3, 0.0), (3, 0.3765844838302601), (3, 1.0)]
0	[(3, 0.0), (3, 0.6578050443081118), (3, 0.9161554192229039), (3, 1.0)]
0	[(3, 0.0), (3, 0.021346723886209795), (3, 0.02973056673892846), (3, 1.0)]
0	[(3, 0.0), (3, 0.06553925563705515), (3, 0.09127954360228199), (3, 1.0)]
0	[(3, 0.0), (3, 0.3311599176389842), (3, 0.4869595058339053), (3, 1.0)]
0	[(3, 0.0), (3, 0.29189352692075016), (3, 0.42921960072595283), (1, 1.0)]
0	[(3, 0.0), (3, 0.06497878930711737), (3, 0.09049895629923911), (3, 0.157699818194061), (3, 1.0)]
0	[(3, 0.0), (3, 0.22652582159624413), (3, 0.3330985915492958), (3, 0.4507042253521127), (3, 1.0)]
0	[(3, 0.0), (3, 0.09047440465029065), (3, 0.8325520345021564), (3, 0.9092443277704857), (3, 0.9368085505344084), (0, 1.0)]
0	[(3, 0.0), (3, 0.012395473404323645), (3, 0.018227126176927722), (0, 0.03630011175193639), (3, 0.9492620518683126), (3, 1.0)]
0	[(3, 0.0), (3, 0.02038014783526927), (3, 0.028384371700105597), (3, 0.04946145723336853), (1, 0.05611404435058078), (3, 0.08), (3, 1.0)]
0	[(3, 0.0), (3, 0.021637741602762457), (3, 0.030135880532759316), (3, 0.05251356563074577), (1, 0.05957666263061124), (3, 0.084936544239652), (3, 1.0)]
0	[(3, 0.0), (3, 0.017033820518251783), (3, 0.02372378733319212), (3, 0.04134011155828567), (1, 0.04690037421450258), (3, 0.45099908211537104), (3, 1.0)]
0	[(3, 0.0), (3, 0.03946184673264087), (3, 0.05496033368774025), (3, 0.09577165289932117), (3, 0.11793571603827595), (3, 0.15976936288541752), (3, 1.0)]
0	[(3, 0.0), (3, 0.03943659749384111), (3, 0.08590487799586186), (1, 0.8893215066934127), (3, 0.8912603971273652), (3, 0.9581333790935145), (3, 0.981684093011513), (3, 0.9968322909085171), (3, 1.0)]
0	[(3, 0.0), (3, 0.014392888570704133), (3, 0.020045639625934045), (3, 0.034930720241024955), (3, 0.04301460169731681), (3, 0.05827255507330679), (0, 0.07069667546646383), (3, 0.09268125344907303), (3, 1.0)]
0	[(3, 0.0), (3, 0.0019167932942029417), (3, 0.017638470935256084), (3, 0.019263276028165938), (3, 0.019847252430752117), (3, 0.08268629145189643), (3, 0.08789838016069283), (3, 0.1700980246104341), (3, 1.0)]
0	[(3, 0.0), (3, 0.18377451913921158), (3, 0.25595124738145114), (3, 0.44601028375547513), (1, 0.5059988573605028), (3, 0.7213864025899829), (0, 0.7543325080936965), (3, 0.7943248904970481), (3, 0.8885926490192344), (3, 1.0)]
0	[(3, 0.0), (3, 0.0600012435490891), (3, 0.08356649878753963), (3, 0.1456195983336442), (3, 0.3352608344214388), (3, 0.36268109183610026), (3, 0.400049741963564), (3, 0.5904992849592737), (3, 0.9259466517440776), (3, 0.9669215942299322), (0, 1.0)]
0	[(3, 0.0), (3, 0.01227313772622636), (3, 0.017093364874661374), (3, 0.02978620575629237), (1, 0.03379246314879113), (3, 0.04817683492947715), (0, 0.05037709692599234), (3, 0.053047935187658185), (3, 0.05934348251872766), (3, 0.9963498543757233), (3, 1.0)]
0	[(3, 0.0), (3, 0.05606553567278643), (3, 0.07808505693702068), (3, 0.13606785963281431), (3, 0.16755751801069022), (3, 0.22699279572391354), (0, 0.2753892633046712), (3, 0.3184987218219847), (0, 0.34818731117824775), (3, 0.39826864977922377), (3, 1.0)]
0	[(3, 0.0), (3, 0.018122746394230768), (3, 0.025240384615384616), (3, 0.04398287259615385), (3, 0.10206956129807693), (3, 0.1084735576923077), (3, 0.15887920673076922), (3, 0.17852313701923078), (0, 0.197265625), (1, 0.2119140625), (3, 1.0)]
0	[(3, 0.0), (3, 0.004000878949572341), (3, 0.0055722086095598205), (3, 0.009709905181241889), (3, 0.02253344776261728), (3, 0.023947229857751134), (3, 0.03507506312267566), (3, 0.03941176714469915), (0, 0.043549463716381215), (1, 0.04678333478442932), (3, 1.0)]
0	[(3, 0.0), (3, 0.12414769072430207), (3, 0.17290621381705906), (3, 0.3012993696127621), (1, 0.3418242634761353), (3, 0.48732793001415153), (0, 0.5095844590248295), (3, 0.536601054933745), (3, 0.7170976456966422), (3, 0.7577511900167245), (3, 0.8201466615206484), (3, 1.0)]
0	[(3, 0.0), (3, 0.001263969151293833), (3, 0.0017603881236672658), (3, 0.0030675810904975715), (3, 0.007118831437597908), (3, 0.007565477531474797), (3, 0.01108101452844127), (3, 0.012451078499688264), (0, 0.013758271466518571), (1, 0.01477992528828975), (3, 0.016334672835010767), (3, 1.0)]
0	[(3, 0.0), (3, 0.06757703081232493), (3, 0.09411764705882353), (3, 0.16400560224089636), (3, 0.3806022408963585), (3, 0.40448179271708684), (3, 0.592436974789916), (3, 0.6656862745098039), (0, 0.7355742296918768), (1, 0.7901960784313725), (3, 0.9210084033613445), (3, 1.0)]
0	[(3, 0.0), (3, 0.010599503525845214), (3, 0.036225038992992245), (3, 0.03829001999077349), (3, 0.10433646009534062), (3, 0.14136332681619473), (3, 0.19551415830056457), (3, 0.4578326486676479), (3, 0.49177302783330773), (3, 0.9400935831813888), (3, 0.9650271303354496), (1, 1.0)]
0	[(3, 0.0), (3, 0.011782805650862647), (3, 0.01641045678213409), (3, 0.028596197755772355), (1, 0.03244239856408503), (3, 0.311969621118695), (3, 0.6206913393325926), (3, 0.8477392886360029), (3, 0.9134910072162054), (3, 0.9848349796700815), (3, 0.9910499517698629), (1, 0.9963613719337232), (3, 0.9988034041929694), (3, 1.0)]
0	[(3, 0.0), (3, 0.01140661938534279), (3, 0.015886524822695036), (3, 0.027683215130023642), (1, 0.03140661938534279), (3, 0.30200945626477543), (3, 0.6008747044917258), (3, 0.8206737588652482), (3, 0.851903073286052), (1, 0.9593026004728132), (1, 0.9754728132387707), (3, 0.9841252955082742), (3, 0.9951063829787234), (3, 1.0)]
0	[(3, 0.0), (3, 0.06359143327841846), (3, 0.0885667215815486), (3, 0.15433278418451402), (1, 0.17509060955518946), (3, 0.24962108731466226), (0, 0.26102141680395385), (3, 0.27485996705107085), (3, 0.3673146622734761), (3, 0.38813838550247115), (3, 0.4327512355848435), (3, 0.6255024711696869), (3, 0.9129489291598023), (3, 0.9805601317957167), (3, 1.0)]
0	[(3, 0.0), (3, 0.018743323298047974), (3, 0.02610469068660775), (3, 0.04548897737205011), (3, 0.10556472759056036), (3, 0.11218801592696902), (3, 0.16431970476837915), (3, 0.18463630183548607), (0, 0.20402058852092841), (1, 0.21917063222297756), (3, 0.24222589103622413), (3, 0.26531999611537344), (3, 0.3595610371952996), (3, 0.9433232980479751), (3, 1.0)]
0	[(3, 0.0), (3, 0.0012637605848133957), (3, 0.001760097643512128), (3, 0.003067074911536759), (3, 0.0071176567652443574), (3, 0.0075642291584271226), (3, 0.011079186059607593), (3, 0.012449023957757656), (0, 0.013756001225782287), (1, 0.014777486465320577), (3, 0.0163319774644641), (3, 0.017889087656529516), (3, 0.024243249685042052), (3, 0.06360317131878983), (3, 1.0)]
0	[(3, 0.0), (3, 0.0012625552286140806), (3, 0.001758418888349559), (3, 0.0030641495807400797), (3, 0.007110868049240962), (3, 0.007557014508264176), (3, 0.011068618895414635), (3, 0.012437150262389068), (0, 0.01374288095477959), (1, 0.014763391916768173), (3, 0.01631640026533285), (3, 0.01787202530867186), (3, 0.02422012683119571), (3, 0.9990213561544007), (3, 1.0)]
0	[(3, 0.0), (3, 0.011715430375136579), (3, 0.01631662012868763), (3, 0.028432681801626804), (1, 0.03225688964428797), (3, 0.31018574723807213), (3, 0.6171421634090082), (3, 0.8428918295495933), (3, 0.9082675731455627), (3, 0.9792035935413379), (3, 0.985383027801384), (1, 0.9906640767269637), (3, 0.9930921451984946), (3, 0.996030108049047), (3, 0.9978632997450528), (3, 1.0)]
0	[(3, 0.0), (3, 0.011462849676308132), (3, 0.01596483934192552), (3, 0.027819682841361288), (1, 0.031561442062125085), (3, 0.3034982479063966), (3, 0.6038367880263705), (3, 0.8247193680584427), (3, 0.8886856328324524), (3, 0.9580922967274456), (3, 0.9641385044841717), (1, 0.969305695789036), (3, 0.9716814159292035), (3, 0.9745560372988062), (3, 0.9763497060046327), (3, 0.9844033972798004), (3, 0.9873017758508048), (3, 0.9909128704638593), (3, 0.9952010453168617), (0, 1.0)]
0	[(3, 0.0), (3, 0.001051001337440044), (3, 0.0014637780285175327), (3, 0.0025507203443363552), (3, 0.005919370226929159), (3, 0.0062907603368432055), (3, 0.00921395991165054), (3, 0.010353180014202133), (0, 0.011440122330020955), (1, 0.01228963636442845), (3, 0.013582422465507551), (3, 0.014877386807700519), (3, 0.01916416531978758), (3, 0.8317232501100011), (3, 0.8358314128507512), (3, 0.8372440022130929), (0, 0.8415743455474574), (1, 0.8474926266538295), (3, 0.8510235554994053), (0, 0.8537714066645465), (3, 0.8561206397058503), (0, 0.8575212487420658), (3, 0.8592213659314377), (1, 0.9011220119977521), (3, 0.9159885075998833), (3, 0.9176189210736114), (0, 0.9184379397324248), (1, 0.9213840108389277), (3, 0.9256261354081806), (3, 0.9263122813590482), (3, 0.9429562217100935), (0, 0.9436238526114933), (1, 0.9561966603207243), (3, 0.9837775493044876), (3, 1.0)]
0	[(1, 0.0), (3, 0.06895115092177898), (3, 1.0)]
0	[(1, 0.0), (3, 0.02757299346078554), (3, 1.0)]
0	[(1, 0.0), (3, 0.010674320358605566), (3, 1.0)]
0	[(1, 0.0), (3, 0.20009023234829687), (3, 0.4125874125874126), (3, 0.9474396571170765), (3, 1.0)]
0	[(1, 0.0), (3, 0.05777551539832018), (3, 0.316110969712395), (3, 0.4217358106388394), (1, 0.5780096716721812), (3, 0.9849834563502163), (3, 1.0)]
0	[(1, 0.0), (3, 0.012620225718574527), (3, 0.06904986935008617), (3, 0.09212208817479291), (3, 0.24134096847723355), (3, 0.694445988769667), (3, 1.0)]
0	[(1, 0.0), (3, 0.003098003357307603), (3, 0.01371582984182441), (0, 0.021604137949858746), (3, 0.03653460346921786), (0, 0.12729108948725998), (3, 0.14074761508331854), (3, 1.0)]
0	[(1, 0.0), (3, 0.00267404876899517), (3, 0.011838850276828837), (0, 0.018647661679820945), (3, 0.4746142066203322), (3, 0.8594416303451525), (3, 0.987242313582283), (3, 0.9889504064082931), (3, 1.0)]
0	[(0, 0.0), (3, 1.0)]
0	[(0, 0.0), (3, 0.36504751847940864), (3, 1.0)]
0	[(0, 0.0), (3, 0.5196923961477649), (3, 1.0)]
0	[(0, 0.0), (3, 0.1877645348082366), (3, 0.2098361507101867), (3, 0.2229492872166394), (3, 1.0)]
0	[(0, 0.0), (0, 0.34324942791762014), (3, 0.5277323744142967), (3, 0.7296502124877411), (0, 1.0)]
0	[(1, 0.0), (3, 1.0)]
0	[(1, 0.0), (3, 0.8704217536071032), (3, 0.9661487236403996), (3, 1.0)]
0	[(3, 0.0), (3, 0.5468589083419155), (3, 1.0)]
0	[(3, 0.0), (3, 0.1067658590529808), (3, 1.0)]
0	[(3, 0.0), (3, 0.04923276621389829), (3, 1.0)]
0	[(3, 0.0), (3, 0.002372924528934262), (0, 1.0)]
0	[(3, 0.0), (3, 0.027988614800759013), (3, 0.04757010331014126), (3, 0.06435800126502214), (3, 1.0)]
0	[(3, 0.0), (3, 0.17942219969589457), (3, 0.3049501605000845), (3, 0.4125696908261531), (3, 1.0)]
0	[(3, 0.0), (3, 0.065277521666974), (3, 0.1109472001966931), (3, 0.15010141987829614), (3, 1.0)]
0	[(3, 0.0), (3, 0.002371557389679036), (3, 0.00403075432049968), (3, 0.00545324213332976), (3, 1.0)]
0	[(3, 0.0), (3, 0.17507739061497224), (3, 0.31605100230284267), (3, 0.9514185133451621), (3, 1.0)]
0	[(1, 0.0), (3, 0.1619724230704557), (3, 1.0)]
0	[(1, 0.0), (3, 0.6044237135118868), (3, 1.0)]
0	[(1, 0.0), (3, 0.6101525001518926), (3, 1.0)]
0	[(1, 0.0), (3, 0.6083414102253453), (3, 1.0)]
0	[(0, 0.0), (3, 1.0)]
0	[(0, 0.0), (1, 0.016304347826086956), (3, 1.0)]
0	[(0, 0.0), (3, 0.687390007595265), (0, 0.7144921361219688), (3, 0.9041514606991349), (3, 0.972638520961079), (3, 1.0)]
2	[(3, 0.0), (3, 1.0)]
2	[(3, 0.0), (3, 0.1141750227894257), (3, 0.292616226071103), (3, 0.8714676390154968), (3, 1.0)]
2	[(3, 0.0), (3, 0.07338508861871978), (3, 0.18807675406474295), (3, 0.5601288999560569), (3, 1.0)]
2	[(3, 0.0), (1, 0.6303688606084709), (3, 0.648936170212766), (3, 0.710839630145158), (3, 1.0)]
2	[(3, 0.0), (3, 0.4678714859437751), (3, 1.0)]
2	[(3, 0.0), (3, 0.013398119663034416), (1, 0.026767487996319828), (3, 0.8219430148644374), (3, 1.0)]
2	[(1, 0.0), (1, 0.007421929701722448), (3, 0.14902207907389253), (3, 1.0)]
2	[(1, 0.0), (3, 0.9792631593766278), (3, 0.9940590992918784), (3, 1.0)]
2	[(1, 0.0), (3, 0.9524424545089261), (3, 1.0)]
2	[(1, 0.0), (3, 0.05191063435253771), (3, 0.058679852851745144), (3, 1.0)]
2	[(1, 0.0), (3, 1.0)]
2	[(3, 0.0), (3, 1.0)]
2	[(3, 0.0), (3, 0.6422516107154967), (3, 0.6842997626314005), (3, 1.0)]
2	[(3, 0.0), (3, 0.23035757723181707), (3, 0.24543906592070056), (3, 1.0)]
2	[(3, 0.0), (3, 0.04025675905458256), (3, 0.04289236524400612), (3, 0.6863203536813467), (3, 1.0)]
2	[(3, 0.0), (3, 1.0)]
2	[(3, 0.0), (3, 1.0)]
2	[(3, 0.0), (3, 1.0)]
2	[(3, 0.0), (3, 1.0)]
2	[(3, 0.0), (3, 0.18489132728423718), (3, 1.0)]
2	[(3, 0.0), (3, 0.8976377952755905), (3, 1.0)]
2	[(3, 0.0)]
2	[(0, 0.0), (3, 1.0)]
2	[(0, 0.0), (3, 0.9448545007211334), (3, 1.0)]
2	[(0, 0.0), (3, 0.5826619231976562), (3, 1.0)]
2	[(0, 0.0), (3, 0.6335760609853226), (3, 1.0)]
2	[(0, 0.0), (3, 0.4660710175556067), (3, 1.0)]
2	[(0, 0.0), (3, 0.2314542526107965), (3, 1.0)]
2	[(0, 0.0), (3, 0.2994098907155243), (3, 0.6487303913002568), (3, 1.0)]
2	[(0, 0.0), (3, 0.35583743370183396), (3, 0.48774682088312354), (3, 0.995015655952457), (3, 1.0)]
2	[(3, 0.0), (3, 1.0)]
2	[(1, 0.0), (3, 0.3191824180540405), (3, 0.8600704565369003), (3, 1.0)]
2	[(3, 0.0)]
2	[(3, 0.0), (3, 1.0)]
2	[(3, 0.0), (3, 0.19000445235975066), (3, 1.0)]
2	[(3, 0.0), (3, 0.06391104122205998), (1, 1.0)]
2	[(3, 0.0), (3, 0.42242019302152933), (3, 1.0)]
2	[(1, 0.0), (3, 0.8679755354027264), (3, 1.0)]
2	[(1, 0.0), (3, 0.5064323429389654), (3, 0.5327993556470377), (1, 0.5349807589046), (3, 1.0)]
2	[(3, 0.0)]
2	[(3, 0.0), (3, 1.0)]
2	[(1, 0.0), (3, 1.0)]
2	[(3, 0.0)]
2	[(2, 0.0)]
2	[(1, 0.0)]
2	[(3, 0.0)]
2	[(3, 0.0)]
2	[(1, 0.0)]
1	[(3, 0.0)]
1	[(3, 0.0)]
1	[(3, 0.0), (3, 1.0)]
1	[(3, 0.0), (3, 0.1146768824970169), (3, 1.0)]
1	[(3, 0.0), (3, 0.03943759314053692), (3, 0.1609036521889376), (3, 0.2780717479104123), (3, 0.5816505043087622), (3, 1.0)]
1	[(3, 0.0)]
1	[(3, 0.0), (3, 1.0)]
1	[(3, 0.0), (3, 1.0)]
1	[(3, 0.0), (1, 1.0)]
1	[(3, 0.0), (3, 0.10881958417169685), (3, 0.48080147551978536), (3, 1.0)]
1	[(3, 0.0), (3, 0.22948812147930445), (3, 0.32696546656869946), (3, 0.4339946118050453), (3, 0.5277981876071516), (3, 0.742591231937301), (3, 1.0)]
1	[(3, 0.0)]
1	[(3, 0.0), (3, 1.0)]
1	[(3, 0.0), (3, 0.6202872323147954), (3, 1.0)]
1	[(3, 0.0), (3, 0.1453545208840499), (3, 0.16095765684601968), (3, 0.1682225076194675), (3, 0.32463723667312006), (3, 0.9124575897563687), (3, 1.0)]
1	[(3, 0.0), (3, 0.2164988132657643), (3, 1.0)]
1	[(3, 0.0), (3, 0.4803675856307435), (3, 0.5797827903091061), (3, 1.0)]
1	[(3, 0.0), (3, 0.18608414239482202), (3, 0.22459546925566343), (3, 1.0)]
1	[(3, 0.0), (3, 0.15436241610738255), (3, 0.18630872483221478), (3, 1.0)]
1	[(3, 0.0), (3, 0.08053221288515407), (3, 0.09719887955182073), (3, 0.11610644257703082), (3, 0.642436974789916), (3, 1.0)]
1	[(3, 0.0), (3, 0.03618628067967275), (3, 0.04367526746381372), (3, 0.05418502202643172), (3, 0.6198237885462555), (1, 1.0)]
1	[(3, 0.0), (3, 0.05660005906093119), (3, 0.06831381041441087), (3, 0.08475243626341175), (3, 0.9694851855497588), (0, 1.0)]
1	[(3, 0.0), (3, 0.011278269226997234), (3, 0.013612380597454054), (3, 0.3459388423592178), (3, 0.9120687287919502), (3, 1.0)]
1	[(3, 0.0), (3, 0.06756756756756757), (3, 0.08155111633372503), (3, 0.09741480611045829), (3, 0.32737955346651), (3, 0.427144535840188), (3, 1.0)]
1	[(3, 0.0), (3, 0.01032909391391823), (3, 0.012466767263059567), (3, 0.3168247467126536), (3, 0.8353093339081699), (3, 0.9509772221024646), (3, 1.0)]
1	[(3, 0.0)]
1	[(1, 0.0), (3, 1.0)]
1	[(1, 0.0), (3, 1.0)]
1	[(1, 0.0), (3, 0.19633293814643718), (3, 0.20440701524876334), (3, 1.0)]
1	[(1, 0.0)]
1	[(3, 0.0), (3, 1.0)]
1	[(3, 0.0), (3, 1.0)]
1	[(3, 0.0), (3, 1.0)]
1	[(3, 0.0), (3, 1.0)]
1	[(3, 0.0)]
2	[(3, 0.0), (3, 1.0)]
2	[(3, 0.0), (3, 0.5597675705589374), (3, 0.7902600996126176), (3, 1.0)]
2	[(3, 0.0), (3, 0.24377283294586516), (3, 0.5705745599468615), (3, 0.7100631019594819), (0, 1.0)]
2	[(3, 0.0), (3, 0.3461456331411488), (1, 0.5092889173606663), (3, 0.840486867392697), (3, 1.0)]
2	[(3, 0.0), (3, 0.49125789218067023), (3, 0.6398737251092763), (3, 0.8892666342884895), (3, 1.0)]
2	[(3, 0.0), (3, 0.6761381982563771), (3, 1.0)]
2	[(3, 0.0), (3, 0.02975107979086156), (3, 0.276355421686747), (3, 0.2895970675153444), (3, 0.9874261195726302), (3, 1.0)]
2	[(3, 0.0), (3, 0.19604905907686546), (3, 0.3766501263926599), (3, 0.8474861904316076), (3, 0.9533751521393128), (3, 1.0)]
2	[(3, 0.0), (3, 0.1695409278600923), (3, 0.3257226135535584), (3, 0.7328961217715165), (3, 0.824467654440936), (3, 1.0)]
2	[(3, 0.0), (3, 0.16503783102143757), (3, 0.5089848675914249), (3, 0.6265762925598991), (3, 0.8675914249684742), (3, 0.8912358133669609), (0, 0.9796658259773013), (3, 1.0)]
2	[(3, 0.0), (3, 0.19996180290297938), (3, 0.38416730328495036), (3, 0.4816653934300993), (3, 0.7837089381207029), (1, 0.8192322383498855), (3, 0.9310542398777693), (3, 0.9604660045836516), (3, 0.9891138273491215), (1, 1.0)]
2	[(3, 0.0), (3, 0.1785318441469861), (3, 0.34299599283826415), (3, 0.43004518714297896), (3, 0.6997186460908859), (1, 0.7314349049364822), (3, 0.8312729132918407), (3, 0.8575326114758292), (3, 0.8831102395771165), (3, 0.9475658623923608), (3, 1.0)]
2	[(3, 0.0), (3, 0.16844984313410025), (3, 0.3236264178264017), (3, 0.40575979406322904), (3, 0.6602043278899525), (1, 0.6901295149223715), (3, 0.7843294988335613), (0, 0.8267235137961548), (3, 0.850132732684418), (3, 0.9159359665352748), (3, 0.9273590218003379), (3, 0.9670179390234093), (3, 1.0)]
2	[(3, 0.0), (3, 0.1618363088337584), (3, 0.310920472988639), (3, 0.38982919854702835), (3, 0.6342839477548496), (1, 0.6630342375763196), (3, 0.7535358219336888), (0, 0.7942653991807713), (3, 0.8167555452507922), (3, 0.8638225519746503), (3, 0.9338434191204884), (3, 0.9502279928897133), (3, 0.9847747121106731), (1, 1.0)]
2	[(3, 0.0), (3, 0.11096840482918058), (3, 1.0)]
2	[(3, 0.0), (3, 0.11410761989568757), (3, 1.0)]
2	[(3, 0.0), (3, 0.6345061878184907), (3, 0.6590876000970638), (3, 1.0)]
2	[(3, 0.0), (3, 0.07700231779551893), (3, 0.6439179328697743), (3, 0.8453944544596103), (3, 0.8660829255730106), (3, 0.9581938363808052), (3, 1.0)]
2	[(3, 0.0), (3, 0.16797185336511178), (3, 1.0)]
2	[(3, 0.0), (3, 0.7294233612617053), (3, 1.0)]
2	[(3, 0.0), (3, 0.5156671889062969), (3, 1.0)]
2	[(3, 0.0), (3, 0.38400625550770145), (3, 0.8047387953182986), (3, 0.9769390212116322), (3, 1.0)]
2	[(3, 0.0)]
2	[(3, 0.0), (3, 0.4497150997150997), (3, 1.0)]
2	[(3, 0.0), (3, 0.036077526112495144), (3, 0.24016638859049666), (3, 0.97192192535369), (0, 1.0)]
2	[(1, 0.0), (3, 0.7799865981684163), (3, 1.0)]
2	[(3, 0.0), (3, 1.0)]
2	[(3, 0.0), (3, 0.3141281029727245), (0, 1.0)]
2	[(3, 0.0), (3, 0.2578789694427801), (3, 0.6423007789095266), (1, 1.0)]
2	[(3, 0.0)]
2	[(3, 0.0), (3, 1.0)]
2	[(3, 0.0), (3, 1.0)]
2	[(3, 0.0), (3, 1.0)]
2	[(3, 0.0), (3, 0.6330843116328708), (3, 1.0)]
2	[(3, 0.0), (3, 0.13571886153564564), (3, 1.0)]
2	[(3, 0.0), (3, 0.11073541842772612), (3, 1.0)]
2	[(3, 0.0), (3, 0.05554236483277932), (3, 0.13840648531307237), (3, 0.14388440404314498), (3, 1.0)]
2	[(3, 0.0), (3, 0.04869526429261765), (3, 0.12134413798230614), (3, 0.12614675488811242), (3, 0.13720912943275593), (3, 0.15676157906475355), (3, 0.2192996803211657), (3, 0.22732882313582634), (3, 0.34404876960820757), (3, 0.35372834733477065), (3, 1.0)]
2	[(3, 0.0), (3, 0.04087465521760294), (3, 0.10185589655904048), (3, 0.10588719843241017), (3, 0.11517292163298928), (3, 0.1315851877737978), (3, 0.1840794778028781), (3, 0.19081911560975), (3, 0.28879348002446237), (3, 0.2969184878249691), (3, 0.9994258827053405), (3, 1.0)]
2	[(3, 0.0), (3, 0.34215751158173396), (3, 1.0)]
2	[(3, 0.0), (3, 1.0)]
2	[(3, 0.0), (1, 0.013260640168835738), (0, 1.0)]
2	[(3, 0.0)]
2	[(3, 0.0), (3, 0.012370341913177103), (3, 0.44010756819054936), (3, 0.9971571263926239), (3, 1.0)]
2	[(1, 0.0)]
2	[(3, 0.0), (3, 1.0)]
2	[(3, 0.0), (3, 1.0)]
2	[(3, 0.0), (3, 1.0)]
2	[(3, 0.0), (3, 1.0)]
2	[(3, 0.0), (3, 1.0)]
2	[(3, 0.0), (3, 1.0)]
2	[(3, 0.0), (3, 0.5151862464183381), (3, 1.0)]
2	[(3, 0.0), (3, 0.24134078212290502), (3, 1.0)]
2	[(3, 0.0), (3, 1.0)]
2	[(3, 0.0), (3, 0.07077034270914895), (1, 0.5431548515328555), (3, 1.0)]
2	[(3, 0.0), (3, 0.0962720196640721), (3, 0.6192544039328144), (3, 1.0)]
2	[(3, 0.0), (3, 0.11270983213429256), (1, 0.8650359712230216), (3, 0.9414868105515588), (3, 1.0)]
2	[(3, 0.0), (3, 0.020293259183779208), (3, 0.1305331514136198), (3, 0.2923265573996995), (3, 0.4094920640403447), (3, 0.8777914025664496), (3, 1.0)]
2	[(0, 0.0)]
2	[(3, 0.0)]
2	[(3, 0.0), (3, 0.0841723249824397), (3, 1.0)]
2	[(3, 0.0), (3, 0.07987975091260469), (3, 1.0)]
2	[(3, 0.0), (3, 0.19375), (3, 0.79375), (3, 1.0)]
2	[(3, 0.0)]
2	[(3, 0.0)]
2	[(1, 0.0)]
2	[(3, 0.0), (1, 0.06326333655030117), (3, 0.31836888637447724), (3, 1.0)]
2	[(3, 0.0), (1, 0.058064122013052465), (3, 0.29220415601869293), (1, 1.0)]
2	[(3, 0.0)]
2	[(1, 0.0), (3, 1.0)]
2	[(1, 0.0), (3, 0.009866875489428347), (3, 1.0)]
2	[(1, 0.0), (3, 0.36195054945054944), (1, 1.0)]
2	[(1, 0.0), (3, 0.1351981351981352), (3, 1.0)]
2	[(1, 0.0), (3, 0.11474680472415466), (3, 0.5455023458987219), (3, 0.7305452192201909), (3, 1.0)]
2	[(2, 0.0), (3, 1.0)]
2	[(3, 0.0), (3, 1.0)]
2	[(3, 0.0), (3, 0.02619278754539244), (3, 0.04016107575594147), (0, 1.0)]
2	[(3, 0.0), (3, 0.47974975304576883), (3, 0.735594336516299), (3, 1.0)]
2	[(3, 0.0), (3, 1.0)]
2	[(3, 0.0), (3, 1.0)]
2	[(3, 0.0), (3, 1.0)]
2	[(3, 0.0), (3, 0.7052062559042721), (3, 0.8146845806654771), (3, 1.0)]
2	[(3, 0.0), (3, 0.09054333382548353), (3, 0.9363280673261479), (3, 1.0)]
2	[(2, 0.0), (3, 1.0)]
2	[(2, 0.0), (3, 1.0)]
2	[(2, 0.0), (3, 0.26698390199453276), (3, 1.0)]
2	[(2, 0.0), (3, 0.25774606587821325), (3, 1.0)]
2	[(2, 0.0), (3, 0.005991093089741107), (3, 0.01054705741654043), (3, 0.10556169345194027), (3, 1.0)]
2	[(1, 0.0), (3, 0.4176984509835451), (1, 1.0)]
2	[(1, 0.0), (3, 0.17643271088216356), (3, 0.25370251126851256), (3, 1.0)]
2	[(3, 0.0)]
2	[(1, 0.0)]
2	[(0, 0.0), (3, 0.41174579851226006), (3, 1.0)]
2	[(3, 0.0)]
2	[(3, 0.0)]
1	[(3, 0.0), (3, 0.09126375923087642), (3, 0.1350494635641633), (3, 0.20388045144210673), (3, 0.24407830569875993), (3, 1.0)]
1	[(3, 0.0), (3, 0.3219859899225759), (3, 0.4764655278358117), (3, 0.7193068698537545), (3, 0.861128179918889), (3, 1.0)]
1	[(3, 0.0), (3, 0.06911105249274598), (3, 0.10226853073067792), (3, 0.14513321023476655), (3, 0.7724874703244526), (3, 0.9571089422316011), (3, 1.0)]
1	[(2, 0.0), (3, 0.016233848013903932), (3, 1.0)]
1	[(3, 0.0), (3, 1.0)]
1	[(2, 0.0), (3, 0.04942594795439661), (3, 1.0)]
1	[(2, 0.0), (3, 0.14559055118110237), (3, 0.17346456692913387), (3, 0.9759448818897638), (3, 1.0)]
1	[(2, 0.0), (1, 1.0)]
1	[(3, 0.0), (3, 0.15010215664018162), (3, 1.0)]
1	[(2, 0.0), (3, 1.0)]
1	[(2, 0.0), (3, 0.11487603305785124), (2, 1.0)]
1	[(2, 0.0), (3, 0.297196261682243), (3, 0.4349299065420561), (3, 0.47488317757009346), (3, 1.0)]
1	[(3, 0.0)]
1	[(3, 0.0), (3, 1.0)]
1	[(3, 0.0), (3, 1.0)]
1	[(3, 0.0)]
1	[(3, 0.0)]
1	[(3, 0.0)]
1	[(3, 0.0)]
1	[(3, 0.0)]
1	[(3, 0.0)]
1	[(3, 0.0)]
1	[(3, 0.0)]
1	[(3, 0.0)]
1	[(3, 0.0)]
2	[(3, 0.0), (3, 1.0)]
2	[(3, 0.0), (3, 1.0)]
2	[(3, 0.0), (3, 1.0)]
2	[(3, 0.0), (0, 0.22344799919767325), (3, 1.0)]
2	[(3, 0.0), (0, 0.4495560936238902), (3, 1.0)]
2	[(3, 0.0), (0, 0.054287176238395754), (3, 0.05972076703784021), (3, 1.0)]
2	[(3, 0.0), (0, 0.2722052535125229), (3, 0.2873549175320709), (3, 1.0)]
2	[(3, 0.0), (0, 0.02505876663180034), (3, 0.026453419711846678), (3, 1.0)]
2	[(3, 0.0), (0, 0.26055432113203136), (3, 0.2866331423225354), (3, 0.9490118114840369), (3, 1.0)]
2	[(3, 0.0), (0, 0.22235528942115768), (3, 0.24461077844311377), (3, 0.8098802395209581), (3, 1.0)]
2	[(3, 0.0), (0, 0.09279466888796335), (3, 0.10208246563931696), (3, 0.3379841732611412), (3, 1.0)]
2	[(3, 0.0), (0, 0.1657368146990999), (3, 0.18232537380049096), (3, 0.6036598973443428), (3, 0.6514170943985718), (3, 1.0)]
2	[(3, 0.0), (0, 0.09354662635932318), (3, 0.10290968635848344), (3, 0.3407230129739262), (3, 0.36767854893563423), (3, 1.0)]
2	[(3, 0.0), (0, 0.055411858336649425), (3, 0.1974482690011938), (3, 0.33771886191802625), (3, 0.4318792280143255), (3, 1.0)]
2	[(3, 0.0), (0, 0.0583429349533885), (3, 0.2078925316853462), (3, 0.2180527914528124), (3, 0.22734890541531372), (3, 1.0)]
2	[(3, 0.0), (0, 0.1983794853530407), (3, 0.20942035437627993), (3, 0.506188229008993), (3, 0.972219748909269), (3, 1.0)]
2	[(3, 0.0), (0, 0.06258954406270191), (3, 0.06885411691996517), (3, 0.22796864904345873), (3, 0.37539680310138496), (1, 0.8918729106385369), (3, 1.0)]
2	[(3, 0.0), (0, 0.09224908910235177), (3, 0.09738323948327261), (3, 0.23538423318979795), (3, 0.3157916528651871), (3, 0.3418764491553494), (3, 1.0)]
2	[(3, 0.0), (0, 0.179662930408838), (3, 0.18966212402225627), (3, 0.45843077171195873), (3, 0.6150310458833965), (3, 0.6658334005322152), (3, 0.7309087976776066), (3, 0.8765422143375534), (3, 0.8950891057172808), (3, 0.9167002661075719), (3, 0.935085880170954), (3, 0.960567696153536), (3, 1.0)]
2	[(3, 0.0), (0, 0.17825426034082725), (3, 0.18817505400432036), (3, 0.45483638691095285), (3, 0.6102088167053364), (3, 0.6606128490279223), (3, 0.7251780142411393), (3, 0.8696695735658853), (3, 0.8880710456836547), (3, 0.9095127610208816), (3, 0.927754220337627), (3, 0.953036242899432), (3, 0.9723977918233458), (3, 1.0)]
2	[(3, 0.0), (3, 0.7892427689307767), (3, 1.0)]
2	[(3, 0.0)]
2	[(3, 0.0), (3, 0.9697207581025008), (3, 1.0)]
2	[(3, 0.0)]
2	[(3, 0.0)]
2	[(3, 0.0)]
2	[(1, 0.0), (3, 1.0)]
2	[(1, 0.0), (2, 0.9662274000509294), (3, 1.0)]
2	[(1, 0.0), (2, 0.5533881465006472), (3, 0.712103257798115), (3, 1.0)]
2	[(1, 0.0), (2, 0.2647946543843121), (3, 0.3407393837886877), (3, 1.0)]
2	[(1, 0.0), (3, 0.1557876922179102), (3, 0.18645502027953664), (3, 0.19453765574392343), (3, 1.0)]
2	[(1, 0.0), (3, 1.0)]
2	[(1, 0.0), (3, 0.9370454671626048), (3, 0.942735801920835), (3, 1.0)]
2	[(2, 0.0), (1, 0.805150398033873), (3, 0.9369022813485067), (3, 1.0)]
2	[(2, 0.0), (3, 0.6459232341585283), (3, 1.0)]
2	[(3, 0.0)]
0	[(3, 0.0), (3, 1.0)]
0	[(3, 0.0), (3, 1.0)]
0	[(3, 0.0), (3, 0.19028048905784445), (3, 1.0)]
0	[(3, 0.0), (3, 0.1890181669728516), (3, 1.0)]
0	[(3, 0.0), (3, 0.6310051107325383), (3, 0.9282793867120954), (3, 1.0)]
0	[(3, 0.0), (3, 0.7932564330079858), (3, 0.8297763041143231), (3, 1.0)]
0	[(3, 0.0), (3, 0.17328654970760235), (3, 0.6996023391812866), (3, 0.7976608187134503), (3, 0.87153216374269), (3, 1.0)]
0	[(3, 0.0), (3, 0.1751383044115561), (3, 0.7070783488581021), (3, 0.8061846895834318), (3, 0.9165918010307816), (3, 1.0)]
0	[(3, 0.0), (3, 0.8923536950021358), (1, 1.0)]
0	[(3, 0.0), (3, 0.9447794350999683), (3, 1.0)]
0	[(3, 0.0), (3, 1.0)]
0	[(3, 0.0), (3, 0.09863232504741938), (3, 1.0)]
0	[(3, 0.0), (3, 0.08393509472432249), (3, 0.13779627899073996), (3, 1.0)]
0	[(3, 0.0), (3, 0.4277056277056277), (3, 0.7021645021645022), (3, 1.0)]
0	[(3, 0.0)]
2	[(0, 0.0), (3, 0.4393063583815029), (3, 1.0)]
2	[(0, 0.0), (1, 0.06147256309330864), (3, 0.1648529752257467), (1, 0.19090067145172493), (3, 1.0)]
2	[(1, 0.0), (0, 0.10856962158743544), (3, 1.0)]
2	[(1, 0.0), (0, 0.03820994447810657), (0, 1.0)]
2	[(1, 0.0), (3, 0.016114378616171758), (3, 0.04384832400898962), (3, 0.7622053268302013), (3, 1.0)]
2	[(1, 0.0), (3, 0.00425048874314183), (3, 0.01918395661222173), (3, 0.02187046730150722), (0, 1.0)]
2	[(1, 0.0), (3, 0.1426756985605419), (3, 0.3882303132938188), (3, 0.504233700254022), (3, 0.8149872988992379), (3, 1.0)]
2	[(1, 0.0), (3, 0.017359501365064648), (3, 0.0472363879874311), (3, 0.06135064132282491), (3, 0.5792510173595014), (3, 0.804873023231855), (3, 0.8545819811466543), (3, 0.9735744089012517), (3, 1.0)]
2	[(1, 0.0), (3, 0.05768261756664106), (1, 0.32696040773507135), (3, 0.3288933495237859), (1, 0.3374635508305867), (3, 0.34020188503126575), (3, 0.7119379806540612), (3, 0.726538299506852), (3, 1.0)]
2	[(3, 0.0), (0, 0.3974358974358974), (3, 1.0)]
2	[(0, 0.0), (0, 1.0)]
2	[(0, 0.0), (3, 0.23794996949359365), (3, 1.0)]
2	[(0, 0.0), (3, 0.20440251572327045), (3, 1.0)]
